{"V_0.5_S_1": [0.07900000000000003, 0.07949999999999988, 0.06950000000000005, 0.07900000000000006, 0.07100000000000001, 0.06249999999999985, 0.07100000000000005, 0.06750000000000005, 0.06950000000000005, 0.06599999999999992], "V_0.5_S_16": [0.08249999999999999, 0.08550000000000006, 0.08999999999999989, 0.08499999999999998, 0.08049999999999988, 0.09200000000000007, 0.08299999999999993, 0.06550000000000004, 0.07950000000000006, 0.07400000000000005], "V_0.5_S_full": [0.09750000000000006, 0.09349999999999986, 0.08849999999999997, 0.10150000000000003, 0.09349999999999992, 0.07600000000000005, 0.08449999999999988, 0.08000000000000004, 0.07600000000000005, 0.07500000000000005], "V_1_S_1": [0.07849999999999986, 0.07900000000000001, 0.08600000000000006, 0.082, 0.06000000000000004, 0.07649999999999993, 0.06550000000000004, 0.05399999999999999, 0.07049999999999987, 0.07650000000000005], "V_1_S_16": [0.09300000000000004, 0.09500000000000007, 0.08200000000000003, 0.08350000000000005, 0.09050000000000007, 0.08100000000000006, 0.08450000000000006, 0.08450000000000002, 0.09300000000000003, 0.08050000000000006], "V_1_S_full": [0.09000000000000004, 0.09100000000000007, 0.09400000000000007, 0.07599999999999997, 0.08050000000000006, 0.09449999999999986, 0.0795, 0.08399999999999996, 0.08250000000000006, 0.10299999999999986], "V_2_S_1": [0.07899999999999985, 0.07999999999999996, 0.07850000000000006, 0.07700000000000005, 0.07449999999999986, 0.06800000000000005, 0.0729999999999999, 0.07700000000000005, 0.056000000000000036, 0.06900000000000005], "V_2_S_16": [0.07600000000000005, 0.08200000000000006, 0.08149999999999963, 0.09599999999999986, 0.08250000000000002, 0.09100000000000004, 0.07800000000000001, 0.08549999999999987, 0.07699999999999997, 0.08200000000000006], "V_2_S_full": [0.09000000000000005, 0.07900000000000006, 0.087, 0.08400000000000003, 0.08950000000000007, 0.09199999999999987, 0.08, 0.07899999999999986, 0.08000000000000006, 0.07850000000000006], "V_4_S_1": [0.08299999999999988, 0.07849999999999988, 0.08199999999999988, 0.08050000000000002, 0.08299999999999987, 0.08949999999999987, 0.07349999999999986, 0.06600000000000002, 0.06949999999999985, 0.07649999999999987], "V_4_S_16": [0.09700000000000007, 0.10600000000000008, 0.09249999999999987, 0.09749999999999986, 0.07450000000000005, 0.08200000000000005, 0.07350000000000005, 0.08000000000000006, 0.09099999999999987, 0.09950000000000007], "V_4_S_full": [0.09100000000000003, 0.09400000000000007, 0.09950000000000005, 0.08800000000000002, 0.09199999999999989, 0.09549999999999997, 0.09050000000000007, 0.08200000000000006, 0.08250000000000006, 0.07299999999999987], "V_8_S_1": [0.09549999999999988, 0.08800000000000006, 0.07899999999999986, 0.07900000000000006, 0.08549999999999987, 0.07249999999999986, 0.07250000000000002, 0.07649999999999986, 0.07850000000000006, 0.07899999999999988], "V_8_S_16": [0.11200000000000003, 0.10549999999999987, 0.10049999999999998, 0.10400000000000005, 0.09650000000000004, 0.08400000000000006, 0.08200000000000006, 0.08099999999999986, 0.0925, 0.09049999999999986], "V_8_S_full": [0.09449999999999997, 0.1039999999999999, 0.09799999999999998, 0.09400000000000003, 0.09300000000000001, 0.1034999999999999, 0.09899999999999988, 0.1035, 0.10149999999999987, 0.09300000000000007], "V_16_S_1": [0.032500000000000015, 0.031500000000000014, 0.029499999999999915, 0.022500000000000013, 0.03199999999999982, 0.043000000000000024, 0.026499999999999913, 0.03649999999999984, 0.03750000000000002, 0.05750000000000004], "V_16_S_16": [0.0895, 0.09900000000000007, 0.09199999999999987, 0.09250000000000007, 0.09300000000000007, 0.09149999999999987, 0.09249999999999987, 0.06349999999999995, 0.07800000000000006, 0.09550000000000007], "V_16_S_full": [0.09950000000000006, 0.08700000000000002, 0.12350000000000004, 0.1034999999999999, 0.10099999999999988, 0.10050000000000008, 0.09299999999999989, 0.09350000000000004, 0.09300000000000007, 0.09300000000000007]}