{"V_0.5_S_16_D_0.2": {"Mean": -0.004209190630768895, "Mode": -0.005529815458186163, "Quantile": -0.0025087774994662073, "Quantile_05": 0.0007778260060813842}, "V_2_S_16_D_3.2": {"Mean": 0.003473893657787736, "Mode": 0.006001459578486551, "Quantile": 0.005119289453720564, "Quantile_05": 0.008583631345880416}, "V_8_S_16_D_0.1": {"Mean": -0.003379165026246308, "Mode": -0.002715339034455428, "Quantile": -0.001567795337422499, "Quantile_05": 0.0016850507298596237}, "V_2_S_16_D_1.6": {"Mean": 0.0034738936577877366, "Mode": 0.006001459578486551, "Quantile": 0.005119289453720564, "Quantile_05": 0.008583631345880416}, "V_0.5_S_16_D_3.2": {"Mean": 0.006851210096702795, "Mode": 0.004470184541813837, "Quantile": 0.008403338940680807, "Quantile_05": 0.011813048384850557}, "V_2_S_16_D_0.8": {"Mean": 0.006716018167373255, "Mode": 0.006001459578486551, "Quantile": 0.008367099376213431, "Quantile_05": 0.01172077999868903}, "V_8_S_16_D_0.4": {"Mean": 0.0047570950448457576, "Mode": 0.007284660965544572, "Quantile": 0.0064024908407785885, "Quantile_05": 0.009866832732938442}, "V_8_S_16_D_3.2": {"Mean": 0.007999219554431275, "Mode": 0.007284660965544572, "Quantile": 0.00965030076327145, "Quantile_05": 0.013003981385747048}, "V_2_S_16_D_0.4": {"Mean": -0.007688809348184989, "Mode": -0.003998540421513449, "Quantile": -0.006038346830259828, "Quantile_05": -0.002573397693051047}, "V_0.5_S_16_D_0.1": {"Mean": -0.009967752536018067, "Mode": -0.005529815458186163, "Quantile": -0.008347535701430634, "Quantile_05": -0.00488083956525593}, "V_8_S_16_D_0.8": {"Mean": 0.006363417421549671, "Mode": 0.007284660965544572, "Quantile": 0.00809112870229452, "Quantile_05": 0.011430755979792017}, "V_0.5_S_16_D_0.4": {"Mean": -0.005683580393661932, "Mode": -0.005529815458186163, "Quantile": -0.0038992745630440934, "Quantile_05": -0.000640708761272782}, "V_8_S_16_D_0.2": {"Mean": -0.001905844853698868, "Mode": -0.002715339034455428, "Quantile": -0.00016868138041734124, "Quantile_05": 0.0030992545687045393}, "V_0.5_S_16_D_0.8": {"Mean": -0.0056835803936619335, "Mode": -0.005529815458186163, "Quantile": -0.0038992745630440986, "Quantile_05": -0.0006407087612727864}, "V_8_S_16_D_1.6": {"Mean": 0.007999219554431275, "Mode": 0.007284660965544572, "Quantile": 0.00965030076327145, "Quantile_05": 0.01300398138574705}, "V_0.5_S_16_D_1.6": {"Mean": 0.003548940997818938, "Mode": 0.004470184541813837, "Quantile": 0.005276652278563788, "Quantile_05": 0.008616279556061288}, "V_2_S_16_D_0.2": {"Mean": -0.004659420370993714, "Mode": -0.003998540421513449, "Quantile": -0.0028478236826831923, "Quantile_05": 0.0004047143398300595}, "V_2_S_16_D_0.1": {"Mean": -0.007763653755973028, "Mode": -0.003998540421513449, "Quantile": -0.006115642767872603, "Quantile_05": -0.002649784971825284}}