{"L_mean_list": [[1.0176641591349413, 1.485206316670341, 1.5651795036261968, 1.8526292155612947, 1.1850117034987204, 0.6831177876615963, 0.667242069502554, 0.687241592449471], [1.272334642057605, 1.8821417268986311, 2.088915052421811, 2.4422972047962492, 1.4360481303245076, 0.7614998744905965, 0.5330969895441001, NaN], [1.857473612147765, 2.688568735318738, 3.127550263494745, 3.864370369231324, 3.545198857463941, 3.8791537015129913, 3.0461419769679794, 3.9791833131266987], [2.2792203915671356, 2.977322073433273, 3.3281471624829044, 4.4887988925564155, 4.19584073152492, 4.299107930446203, 4.054528192078568, 3.6032200131197407]], "size_list": [0.5, 1, 16, "full"], "vrr_f_list": [0.5, 2, 4, 8, 10, 12, 14, 16]}