Block_ID,VRR_Frequency,Observer_color_value,Size_Degree,Repeat_ID
0,8,0.1230000000000001,full,0
1,8,0.11699999999999985,16,0
2,16,0.11849999999999966,16,0
3,1,0.08600000000000003,1,0
