{"V_0.5_S_1": [0.06300000000000001], "V_0.5_S_16": [0.09050000000000007], "V_0.5_S_full": [0.08999999999999986], "V_1_S_1": [0.09450000000000004], "V_1_S_16": [0.08599999999999985], "V_1_S_full": [0.09350000000000001], "V_2_S_1": [0.0954999999999999], "V_2_S_16": [0.09649999999999992], "V_2_S_full": [0.08200000000000006], "V_4_S_1": [0.09750000000000007], "V_4_S_16": [0.10250000000000008], "V_4_S_full": [0.09750000000000007], "V_8_S_1": [0.0845], "V_8_S_16": [0.10800000000000005], "V_8_S_full": [0.1025], "V_16_S_1": [0.035500000000000025], "V_16_S_16": [0.09850000000000007], "V_16_S_full": [0.11350000000000009]}