{"V_0.5_S_1": {"Mean": 0.005326779856881823, "Mode": 0.00039871143560578267, "Quantile": 0.00721647746750641, "Quantile_05": 0.010346441620374444}, "V_0.5_S_16": {"Mean": 0.004800032888304016, "Mode": 0.0036667635288641716, "Quantile": 0.006878238727216671, "Quantile_05": 0.009765081483978815}, "V_2_S_16": {"Mean": 0.0027475036078640656, "Mode": 0.007506236402699072, "Quantile": 0.004714896385312473, "Quantile_05": 0.007804862642801328}, "V_4_S_0.5": {"Mean": 0.0006864673431525451, "Mode": 0.0054452001379875535, "Quantile": 0.0026538601206009507, "Quantile_05": 0.005743826378089806}, "V_8_S_0.5": {"Mean": 0.0035127287173269883, "Mode": 0.0010120866292110512, "Quantile": 0.005493260417918948, "Quantile_05": 0.008436648415358738}, "V_8_S_1": {"Mean": 0.007537016400657095, "Mode": 0.00880747096819456, "Quantile": 0.00975471582970813, "Quantile_05": 0.012623591975614313}, "V_4_S_full": {"Mean": 0.0070995214682277735, "Mode": 0.00717623439496309, "Quantile": 0.009260493205117458, "Quantile_05": 0.012125499156657659}, "V_4_S_1": {"Mean": 0.004666174365259415, "Mode": 0.0035329050058195716, "Quantile": 0.006744380204172069, "Quantile_05": 0.009631222960934214}, "V_0.5_S_0.5": {"Mean": -0.0006701093886535836, "Mode": -0.004778197670998362, "Quantile": 0.0013006882650472658, "Quantile_05": 0.004285856977712428}, "V_0.5_S_full": {"Mean": 0.0015162928327140486, "Mode": 0.005127327557866023, "Quantile": 0.0035476190024833127, "Quantile_05": 0.006639389741913569}, "V_8_S_full": {"Mean": 0.00752189369118769, "Mode": 0.009970309066923975, "Quantile": 0.009710385083980496, "Quantile_05": 0.012647723228780928}, "V_2_S_full": {"Mean": 0.007902790825906177, "Mode": 0.00797950375264149, "Quantile": 0.010063762562795864, "Quantile_05": 0.012928768514336064}, "V_2_S_0.5": {"Mean": 0.0009141545628890033, "Mode": 0.002184609130426471, "Quantile": 0.0031318539919400396, "Quantile_05": 0.006000730137846223}, "V_2_S_1": {"Mean": 0.005276515299102885, "Mode": 0.00772493067483917, "Quantile": 0.0074650066918956984, "Quantile_05": 0.010402344836696126}, "V_8_S_16": {"Mean": 0.008768010376672419, "Mode": 0.010038464944209888, "Quantile": 0.010985709805723453, "Quantile_05": 0.013854585951629635}, "V_4_S_16": {"Mean": 0.009692581685313603, "Mode": 0.005812412147673421, "Quantile": 0.011599281564341691, "Quantile_05": 0.014635758999674005}}