{"V_8_S_16": [0.09852687212437619], "V_2_S_full": [0.09314148810210993], "V_8_S_0.5": [0.08112267517322636], "V_2_S_0.5": [0.0937536283654098], "V_0.5_S_0.5": [0.07317034066334031], "V_4_S_0.5": [0.08107054283291952], "V_4_S_1": [0.07119760967068516], "V_4_S_full": [0.09321716977748419], "V_0.5_S_full": [0.09996650629608116], "V_8_S_full": [0.10548147287150866], "V_8_S_1": [0.08312862483284036], "V_0.5_S_16": [0.09745299481460977], "V_2_S_1": [0.08498762561520143], "V_2_S_16": [0.09921255867039196], "V_4_S_16": [0.10825813635316502], "V_0.5_S_1": [0.08557798454770102]}