Block_ID,VRR_Frequency,Size_Degree,Eccentricity,Observer_color_value,Repeat_ID
0,8,4,5,0.05050000000000004,0
1,8,4,10,0.05449999999999999,0
2,8,4,25,0.061081711543587255,0
3,8,4,15,0.049999999999999906,0
4,8,4,30,0.051499999999999976,0
5,8,4,0,0.07250000000000005,0
6,8,4,20,0.052845707417084914,0
