{"V_8_S_4_E_5": [0.05050000000000004], "V_8_S_4_E_10": [0.05449999999999999], "V_8_S_4_E_25": [0.061081711543587255], "V_8_S_4_E_15": [0.049999999999999906], "V_8_S_4_E_30": [0.051499999999999976], "V_8_S_4_E_0": [0.07250000000000005], "V_8_S_4_E_20": [0.052845707417084914]}