{"V_8_S_4_E_25": {"Mean": -0.00031534769757478754, "Mode": 0.002133067678161499, "Quantile": 0.0018731436952180206, "Quantile_05": 0.0048104818400184525}, "V_8_S_4_E_5": {"Mean": 0.005356556807172561, "Mode": 0.001403592477164055, "Quantile": 0.007260594031283249, "Quantile_05": 0.010303058610342851}, "V_8_S_4_E_20": {"Mean": 0.0002805796362000299, "Mode": 0.0015510342037375004, "Quantile": 0.002498279065251066, "Quantile_05": 0.005367155211157247}, "V_8_S_4_E_15": {"Mean": 0.0001027461115951729, "Mode": 0.0013732006791326407, "Quantile": 0.002320445540646209, "Quantile_05": 0.005189321686552391}, "V_8_S_4_E_0": {"Mean": 0.008390529845387983, "Mode": 0.013109879878954483, "Quantile": 0.01028077307949888, "Quantile_05": 0.013443425882616232}, "V_8_S_4_E_30": {"Mean": 0.0001950119621817164, "Mode": 0.001465466529719186, "Quantile": 0.0024127113912327546, "Quantile_05": 0.0052815875371389365}, "V_8_S_4_E_10": {"Mean": 0.0015831503057310032, "Mode": 0.0016598632324663176, "Quantile": 0.0037441220426206886, "Quantile_05": 0.00660912799416089}}