{"V_0.5_S_0.5": 0.055052042567377064, "V_0.5_S_1": 0.05861205466990236, "V_0.5_S_16": 0.09130555283974347, "V_0.5_S_full": 0.0975550911970065, "V_2_S_0.5": 0.07748157301367596, "V_2_S_1": 0.09993809917017381, "V_2_S_16": 0.10608450680274523, "V_2_S_full": 0.12236308922552801, "V_4_S_0.5": 0.08213513255981567, "V_4_S_1": 0.0896065147909481, "V_4_S_16": 0.11326139698846993, "V_4_S_full": 0.120920235619657, "V_8_S_0.5": 0.09380262193960953, "V_8_S_1": 0.10339244198461213, "V_8_S_16": 0.132615666661095, "V_8_S_full": 0.12896612799594334}