{"fit_degree_1_coefficients": [0.0010716358842877676, 0.01067488170166251], "fit_degree_2_coefficients": [-2.9049894003276088e-05, 0.001943132704386051, 0.0070436449512529765], "fit_degree_3_coefficients": [-2.0831825789616034e-06, 6.469332204999609e-05, 0.0009015414149052483, 0.008606031885474204]}