{"fit_degree_1_coefficients": [0.001071635884287767, 0.0106748817016625], "fit_degree_2_coefficients": [-2.904989400327614e-05, 0.0019431327043860527, 0.007043644951253008]}