{"V_4_S_0.5": {"Mean": 0.00012850417493644574, "Mode": 0.00257691955067273, "Quantile": 0.0023169955677292517, "Quantile_05": 0.005254333712529684}, "V_4_S_1": {"Mean": 0.0039013396308993364, "Mode": 0.007512374356051308, "Quantile": 0.0059326658006686, "Quantile_05": 0.009024436540098855}, "V_4_S_16": {"Mean": 0.004453137936799483, "Mode": 0.004529850863534797, "Quantile": 0.006614109673689166, "Quantile_05": 0.009479115625229368}, "V_0.5_S_full": {"Mean": -0.004780332848263991, "Mode": -0.004493428560449045, "Quantile": -0.0025319548932322784, "Quantile_05": 0.0002608424175744419}, "V_8_S_16": {"Mean": 0.006575607779146146, "Mode": 0.005442338419706301, "Quantile": 0.008653813618058802, "Quantile_05": 0.011540656374820947}, "V_8_S_1": {"Mean": 0.006022809163000812, "Mode": 0.0036628352706530114, "Quantile": 0.008013245141397037, "Quantile_05": 0.010948779589190315}, "V_0.5_S_1": {"Mean": -0.006997381427089923, "Mode": -0.007789275433811143, "Quantile": -0.004822268201978468, "Quantile_05": -0.0020153212509823157}, "V_2_S_0.5": {"Mean": 0.0013233232298802175, "Mode": 0.0014000361566155364, "Quantile": 0.003484294966769902, "Quantile_05": 0.0063493009183101055}, "V_8_S_0.5": {"Mean": 0.0020553525993460327, "Mode": 0.00213206552608135, "Quantile": 0.004216324336235716, "Quantile_05": 0.007081330287775919}, "V_2_S_full": {"Mean": 0.004649803833441986, "Mode": 0.005920258400979455, "Quantile": 0.006867503262493025, "Quantile_05": 0.009736379408399207}, "V_0.5_S_16": {"Mean": -0.004759837626551546, "Mode": -0.008867925908896322, "Quantile": -0.0027890399728506985, "Quantile_05": 0.00019612873981446376}, "V_2_S_16": {"Mean": 0.004481440023451449, "Mode": 0.003348170664011602, "Quantile": 0.0065596458623641074, "Quantile_05": 0.00944648861912625}, "V_0.5_S_0.5": {"Mean": 0.00016389295432951787, "Mode": 0.0014343475218669872, "Quantile": 0.0023815923833805557, "Quantile_05": 0.005250468529286738}, "V_4_S_full": {"Mean": 0.005306198841682746, "Mode": 0.004172929482242899, "Quantile": 0.007384404680595405, "Quantile_05": 0.010271247437357547}, "V_8_S_full": {"Mean": 0.008892729087010312, "Mode": 0.008969442013745629, "Quantile": 0.0110537008239, "Quantile_05": 0.013918706775440201}, "V_2_S_1": {"Mean": 0.006140795647522113, "Mode": 0.005007526288082268, "Quantile": 0.008219001486434768, "Quantile_05": 0.01110584424319691}}