{"V_4_S_full": {"Mean": 0.008880614152568862, "Mode": 0.007747344793129018, "Quantile": 0.010958819991481517, "Quantile_05": 0.013845662748243661}, "V_4_S_0.5": {"Mean": 0.0027525149253516423, "Mode": 0.004022969492889112, "Quantile": 0.004970214354402677, "Quantile_05": 0.00783909050030886}, "V_0.5_S_full": {"Mean": 0.003508461833168495, "Mode": 0.003020646866965975, "Quantile": 0.005709234245503504, "Quantile_05": 0.008506776695264423}, "V_8_S_0.5": {"Mean": 2.591614540731462e-05, "Mode": 0.002474331521143599, "Quantile": 0.002214407538200127, "Quantile_05": 0.005151745683000556}, "V_2_S_16": {"Mean": 0.005467092032667734, "Mode": 0.005543804959403051, "Quantile": 0.00762806376955742, "Quantile_05": 0.010493069721097622}, "V_4_S_1": {"Mean": 0.0020038944107135977, "Mode": 0.0032743489782510672, "Quantile": 0.004221593839764632, "Quantile_05": 0.007090469985670814}, "V_4_S_16": {"Mean": 0.0068445286326956675, "Mode": 0.005711259273255821, "Quantile": 0.00892273447160832, "Quantile_05": 0.011809577228370467}, "V_2_S_1": {"Mean": 0.0037444090646007433, "Mode": 0.003373400525266954, "Quantile": 0.005871354180033294, "Quantile_05": 0.008746170088939466}, "V_0.5_S_16": {"Mean": 0.002196120862726566, "Mode": 0.0046445362384628505, "Quantile": 0.004384612255519379, "Quantile_05": 0.0073219504003198075}, "V_0.5_S_0.5": {"Mean": -2.0945223871762786e-05, "Mode": 0.002427470151864524, "Quantile": 0.0021675461689210523, "Quantile_05": 0.00510488431372148}, "V_2_S_full": {"Mean": 0.008259924146711483, "Mode": 0.0083366370734468, "Quantile": 0.010420895883601167, "Quantile_05": 0.013285901835141369}, "V_2_S_0.5": {"Mean": 0.0011340819230699027, "Mode": 0.002404536490607371, "Quantile": 0.0033517813521209395, "Quantile_05": 0.006220657498027124}, "V_0.5_S_1": {"Mean": 0.001258823966548837, "Mode": 0.0025292785340863063, "Quantile": 0.003476523395599873, "Quantile_05": 0.006345399541506055}, "V_8_S_16": {"Mean": 0.010996740155661721, "Mode": 0.015720735251726573, "Quantile": 0.012886204887950559, "Quantile_05": 0.01604914470604505}, "V_8_S_1": {"Mean": 0.0058790755606263215, "Mode": 0.003449768108481554, "Quantile": 0.00786448658599862, "Quantile_05": 0.010803954634351185}, "V_8_S_full": {"Mean": 0.014404493220680662, "Mode": 0.011621512365737042, "Quantile": 0.016366001037550974, "Quantile_05": 0.01932623979429611}}