{"V_4_S_full": {"Mean": 0.008880614152568862, "Mode": 0.007747344793129018, "Quantile": 0.010958819991481517, "Quantile_05": 0.013845662748243661}, "V_4_S_0.5": {"Mean": 0.0027525149253516423, "Mode": 0.004022969492889112, "Quantile": 0.004970214354402677, "Quantile_05": 0.00783909050030886}, "V_0.5_S_full": {"Mean": 0.003508461833168495, "Mode": 0.003020646866965975, "Quantile": 0.005709234245503504, "Quantile_05": 0.008506776695264423}, "V_8_S_0.5": {"Mean": 2.591614540731462e-05, "Mode": 0.002474331521143599, "Quantile": 0.002214407538200127, "Quantile_05": 0.005151745683000556}, "V_2_S_16": {"Mean": 0.005467092032667734, "Mode": 0.005543804959403051, "Quantile": 0.00762806376955742, "Quantile_05": 0.010493069721097622}, "V_4_S_1": {"Mean": 0.0020038944107135977, "Mode": 0.0032743489782510672, "Quantile": 0.004221593839764632, "Quantile_05": 0.007090469985670814}, "V_4_S_16": {"Mean": 0.0068445286326956675, "Mode": 0.005711259273255821, "Quantile": 0.00892273447160832, "Quantile_05": 0.011809577228370467}, "V_2_S_1": {"Mean": 0.0037444090646007433, "Mode": 0.003373400525266954, "Quantile": 0.005871354180033294, "Quantile_05": 0.008746170088939466}, "V_0.5_S_16": {"Mean": 0.002196120862726566, "Mode": 0.0046445362384628505, "Quantile": 0.004384612255519379, "Quantile_05": 0.0073219504003198075}, "V_0.5_S_0.5": {"Mean": -2.0945223871762786e-05, "Mode": 0.002427470151864524, "Quantile": 0.0021675461689210523, "Quantile_05": 0.00510488431372148}, "V_2_S_full": {"Mean": 0.008259924146711483, "Mode": 0.0083366370734468, "Quantile": 0.010420895883601167, "Quantile_05": 0.013285901835141369}, "V_2_S_0.5": {"Mean": 0.0011340819230699027, "Mode": 0.002404536490607371, "Quantile": 0.0033517813521209395, "Quantile_05": 0.006220657498027124}, "V_0.5_S_1": {"Mean": 0.001258823966548837, "Mode": 0.0025292785340863063, "Quantile": 0.003476523395599873, "Quantile_05": 0.006345399541506055}, "V_8_S_16": {"Mean": 0.010996740155661721, "Mode": 0.015720735251726573, "Quantile": 0.012886204887950559, "Quantile_05": 0.01604914470604505}, "V_8_S_1": {"Mean": 0.0058790755606263215, "Mode": 0.003449768108481554, "Quantile": 0.00786448658599862, "Quantile_05": 0.010803954634351185}, "V_8_S_full": {"Mean": 0.014404493220680662, "Mode": 0.011621512365737042, "Quantile": 0.016366001037550974, "Quantile_05": 0.01932623979429611}, "V_10_S_0.5": {"Mean": -0.010345368517441795, "Mode": -0.006897294694452123, "Quantile": -0.008220980420586114, "Quantile_05": -0.005209565103739056}, "V_16_S_1": {"Mean": -0.009029674516957662, "Mode": -0.007676716566465422, "Quantile": -0.006732318081239736, "Quantile_05": -0.003932695395658557}, "V_14_S_full": {"Mean": 0.008501729247847882, "Mode": 0.009772183815385352, "Quantile": 0.01071942867689892, "Quantile_05": 0.013588304822805104}, "V_12_S_1": {"Mean": 0.0005948585253476276, "Mode": 0.0030432739010839115, "Quantile": 0.0027833499181404396, "Quantile_05": 0.0057206880629408685}, "V_12_S_full": {"Mean": 0.012939183338772548, "Mode": 0.009337043704144505, "Quantile": 0.014859012337667826, "Quantile_05": 0.017872113930663774}, "V_16_S_16": {"Mean": 0.01411355108438047, "Mode": 0.019116475608341288, "Quantile": 0.016002729997874686, "Quantile_05": 0.019140331707848138}, "V_14_S_1": {"Mean": -0.0013674832505483916, "Mode": 0.002243551474603584, "Quantile": 0.0006638429192208717, "Quantile_05": 0.0037556136586511285}, "V_10_S_1": {"Mean": 0.004410818479649864, "Mode": 0.0020508445873020646, "Quantile": 0.006401254458046091, "Quantile_05": 0.009336788905839366}, "V_12_S_16": {"Mean": 0.013152920632469672, "Mode": 0.015506571439550972, "Quantile": 0.01525454247872686, "Quantile_05": 0.018266110387703097}, "V_14_S_0.5": {"Mean": -0.007711155781678168, "Mode": -0.008503049788399393, "Quantile": -0.005536042556566717, "Quantile_05": -0.0027290956055705624}, "V_10_S_16": {"Mean": 0.009678406696985825, "Mode": 0.007247181484712949, "Quantile": 0.011663905151850031, "Quantile_05": 0.014603265166418848}, "V_16_S_full": {"Mean": 0.010662965705298183, "Mode": 0.009204879719403014, "Quantile": 0.012713627940145177, "Quantile_05": 0.015614296442496792}, "V_16_S_0.5": {"Mean": -0.005576609120234654, "Mode": -0.008565652478133005, "Quantile": -0.0035573250825144476, "Quantile_05": -0.0006557431604031722}, "V_12_S_0.5": {"Mean": -0.004922325139010934, "Mode": -0.007911368496909283, "Quantile": -0.0029030411012907304, "Quantile_05": -1.459179179456524e-06}, "V_14_S_16": {"Mean": 0.009366028738972545, "Mode": 0.0082327593795327, "Quantile": 0.011444234577885199, "Quantile_05": 0.014331077334647342}, "V_10_S_full": {"Mean": 0.012715928568983726, "Mode": 0.007858333647098448, "Quantile": 0.014606121551338338, "Quantile_05": 0.01772850420718122}}