{"V_0.5_S_1": {"Mean": 0.0011798676809310282, "Mode": 0.002382339974119261, "Quantile": 0.0033951815607823686, "Quantile_05": 0.006263315526408384}, "V_8_S_0.5": {"Mean": 0.0037778156055987876, "Mode": 0.005048270173136257, "Quantile": 0.005995515034649824, "Quantile_05": 0.008864391180556007}, "V_2_S_1": {"Mean": 0.005674066098757609, "Mode": 0.0029702738697268568, "Quantile": 0.007639784803981675, "Quantile_05": 0.010596115276911603}, "V_4_S_1": {"Mean": 0.004177023923036964, "Mode": 0.004186920762189059, "Quantile": 0.006333466445080071, "Quantile_05": 0.009199379084643272}, "V_8_S_full": {"Mean": 0.006962148201547254, "Mode": 0.007038861128282569, "Quantile": 0.00912311993843694, "Quantile_05": 0.011988125889977143}, "V_0.5_S_16": {"Mean": 0.0038630808303199305, "Mode": 0.005065553123508165, "Quantile": 0.006078394710171264, "Quantile_05": 0.008946528675797283}, "V_0.5_S_0.5": {"Mean": -0.000944634790179764, "Mode": 0.0015037805855565229, "Quantile": 0.0012438566026130443, "Quantile_05": 0.004181194747413475}, "V_0.5_S_full": {"Mean": 0.0018572694081424165, "Mode": 0.0066145253824949415, "Quantile": 0.003824904277972574, "Quantile_05": 0.006914791311819459}, "V_8_S_1": {"Mean": 0.008758357045331983, "Mode": 0.0063983831529841806, "Quantile": 0.010748793023728206, "Quantile_05": 0.013684327471521485}, "V_8_S_16": {"Mean": 0.00716413200094183, "Mode": 0.009612547376678115, "Quantile": 0.009352623393734643, "Quantile_05": 0.012289961538535071}, "V_4_S_0.5": {"Mean": 0.00284270542092505, "Mode": 0.0029194183476603667, "Quantile": 0.005003677157814736, "Quantile_05": 0.007868683109354936}, "V_2_S_full": {"Mean": 0.007472263930000925, "Mode": 0.011083298655152899, "Quantile": 0.009503590099770186, "Quantile_05": 0.012595360839200443}, "V_4_S_full": {"Mean": 0.006057333317515857, "Mode": 0.008505748693252142, "Quantile": 0.00824582471030867, "Quantile_05": 0.011183162855109098}, "V_2_S_16": {"Mean": 0.007051045085332648, "Mode": 0.0031066998411320465, "Quantile": 0.008954288742299654, "Quantile_05": 0.01199706921809671}, "V_2_S_0.5": {"Mean": 0.0014797862885587451, "Mode": 0.0027502408560962136, "Quantile": 0.0036974857176097823, "Quantile_05": 0.006566361863515965}, "V_4_S_16": {"Mean": 0.0068733812384088495, "Mode": 0.002795071933468492, "Quantile": 0.008770569478611804, "Quantile_05": 0.01182605118837242}}