{"size_4_vrr_f_2": {"Luminance": [1, 2, 3, 4, 5, 10, 100], "deltaL": [0.025235433322978906, 0.020605708105869446, 0.013163634674051284, 0.013828332008090121, 0.01633701070800853, 0.004527573314484829, 0.07042564475171684], "deltaL_L": [0.025235433322978906, 0.010302854052934723, 0.004387878224683762, 0.0034570830020225303, 0.003267402141601706, 0.0004527573314484829, 0.0007042564475171684]}, "size_4_vrr_f_5": {"Luminance": [1, 2, 3, 4, 5, 10, 100], "deltaL": [0.0266894372399264, 0.02300459399058199, 0.014398208391765078, 0.01634004054958843, 0.01684861859320677, 0.004242696349876831, 0.0647778450006481], "deltaL_L": [0.0266894372399264, 0.011502296995290996, 0.004799402797255026, 0.004085010137397108, 0.003369723718641354, 0.0004242696349876831, 0.000647778450006481]}, "size_4_vrr_f_10": {"Luminance": [1, 2, 3, 4, 5, 10, 100], "deltaL": [0.024171902602026278, 0.020553755913643494, 0.013201318528729408, 0.01582272460402838, 0.016819220877897854, 0.006003051139322009, 0.05688532171898243], "deltaL_L": [0.024171902602026278, 0.010276877956821747, 0.0044004395095764695, 0.003955681151007095, 0.003363844175579571, 0.0006003051139322009, 0.0005688532171898243]}, "size_16_vrr_f_2": {"Luminance": [1, 2, 3, 4, 5, 10, 100], "deltaL": [0.01939139922133496, 0.024635168327026655, 0.013865864565651576, 0.02644083005829321, 0.009975156542882422, 0.009323319870364522, 0.08880280560567703], "deltaL_L": [0.01939139922133496, 0.012317584163513327, 0.004621954855217192, 0.006610207514573302, 0.0019950313085764842, 0.0009323319870364521, 0.0008880280560567704]}, "size_16_vrr_f_5": {"Luminance": [1, 2, 3, 4, 5, 10, 100], "deltaL": [0.020194097285461655, 0.02548353295765864, 0.015343569915441047, 0.025965927292135104, 0.01144833243279988, 0.004820908223735649, 0.09751628462434596], "deltaL_L": [0.020194097285461655, 0.01274176647882932, 0.0051145233051470155, 0.006491481823033776, 0.002289666486559976, 0.00048209082237356493, 0.0009751628462434595]}, "size_16_vrr_f_10": {"Luminance": [1, 2, 3, 4, 5, 10, 100], "deltaL": [0.019101090552962042, 0.022761624079875347, 0.014150257844693783, 0.025264630731923872, 0.01101674944947638, 0.004023612379589627, 0.08772088277980636], "deltaL_L": [0.019101090552962042, 0.011380812039937674, 0.004716752614897928, 0.006316157682980968, 0.0022033498898952762, 0.0004023612379589627, 0.0008772088277980636]}}