{"V_0.5_S_0.5": [0.051340555904255694], "V_0.5_S_1": [0.07650000000000005], "V_0.5_S_16": [0.09462706177429268], "V_2_S_0.5": [0.047233264035566255], "V_2_S_1": [0.0730087130996602], "V_2_S_16": [0.0824999999999999], "V_2_S_full": [0.09156902196299972], "V_8_S_0.5": [0.0749999999999999], "V_8_S_1": [0.06599824877872515], "V_8_S_16": [0.09858406629642495], "V_8_S_full": [0.10899999999999993], "V_4_S_0.5": [0.08000000000000006], "V_4_S_16": [0.11158946421025508], "V_4_S_full": [0.11799999999999994], "V_4_S_1": [0.0907122745986002], "V_0.5_S_full": [0.14713083895403403]}