{"size_16": {"coefficients": [-0.036136290968554356, 0.09011786372491729, -0.08807118204334166, 0.03426187643337866]}, "size_full": {"coefficients": [-0.03485699881532639, 0.0873875670673312, -0.08527001395652718, 0.031510795975034096]}, "size_all": {"coefficients": [-0.03491369827407424, 0.08807284614083448, -0.08657321473799906, 0.03292583767437054]}}