{"size_16": {"coefficients": [0.05429177614230424, -0.08913981849135742, 0.037711221142861434]}, "size_full": {"coefficients": [0.054067124491199055, -0.08729086327987395, 0.03489432154695344]}, "size_all": {"coefficients": [0.05409474730188669, -0.08812183756195043, 0.03629002700010293]}}