{"size_16": {"coefficients": [-0.006480700417530919, 0.026211289910183032, -0.05905580748972666, 0.09014936276691268, -0.08442785115198065, 0.03406598967953401]}, "size_full": {"coefficients": [0.008246871103615529, -0.0004722089053738315, -0.047537597286864505, 0.09090157751966402, -0.08329154798691643, 0.031268813788032104]}, "size_all": {"coefficients": [0.00749406224073778, 0.0008234788994405176, -0.0482447821156312, 0.09160814122871544, -0.08453663927343348, 0.03267631996657341]}}