{"size_16": {"coefficients": [0.015880985555309528, -0.0565953681560066, 0.09208575348962153, -0.0848992005751194, 0.03401174861831346]}, "size_full": {"coefficients": [0.012174438637242544, -0.04996954597399562, 0.08826535275265708, -0.08274986740933139, 0.03134872334939936]}, "size_all": {"coefficients": [0.012523152820665812, -0.05073768680558972, 0.08927689878528412, -0.08402001041497566, 0.03274486166925822]}}