Block_ID,VRR_Frequency,Size_Degree,Threshold_Color_Value,Trail_ID,Real_VRR_period,Observer_choice,Response
0,8,16,0.09974999999999992,0,0,0,1
0,8,16,0.11519365613647341,1,0,0,1
0,8,16,0.11701501481131482,2,0,1,0
0,8,16,0.11146144623308739,3,0,0,1
0,8,16,0.11335908890379777,4,0,0,1
0,8,16,0.11520938369064465,5,1,1,1
0,8,16,0.11701710572709972,6,1,1,1
0,8,16,0.11878663071729084,7,0,1,0
0,8,16,0.11338928111011763,8,1,1,1
0,8,16,0.11522560426044996,9,1,0,0
