{"V_8_S_16": {"Mean": 0.005622806149976584, "Mode": 0.006274922836156425, "Quantile": 0.007724221325608334, "Quantile_05": 0.0106618704271242}}