{"S_0.5_C_0.0455195039162524": [0.991, 0.2795, 0.3041], "S_1.0_C_0.0400126391162412": [0.716, 0.2764, 0.3102], "S_16.0_C_0.0795162887156277": [1.907, 0.2785, 0.2947], "S_full_C_0.0867178145342951": [2.237, 0.2767, 0.2905], "S_0.5_C_0.0647167122502297": [1.326, 0.276, 0.2971], "S_1.0_C_0.0927597155621199": [2.936, 0.2784, 0.2941], "S_16.0_C_0.0858887267861339": [2.248, 0.2764, 0.2897], "S_full_C_0.0945688708067953": [2.775, 0.2773, 0.2937], "S_0.5_C_0.0629425982976063": [1.282, 0.2758, 0.2946], "S_1.0_C_0.0866736022251506": [2.246, 0.2769, 0.2901], "S_16.0_C_0.0893004660322301": [2.57, 0.2781, 0.2934], "S_full_C_0.0958430273225868": [2.72, 0.2783, 0.2937], "S_0.5_C_0.0728959562114125": [1.682, 0.2782, 0.2969], "S_1.0_C_0.0905388569511729": [2.546, 0.2777, 0.2924], "S_16.0_C_0.0989794761503524": [3.202, 0.2788, 0.2906], "S_full_C_0.116008956799459": [4.466, 0.2778, 0.2908], "S_0.5_C_0.0916637127809412": [2.511, 0.277, 0.2924], "S_1.0_C_0.0966253560027957": [3.186, 0.2789, 0.2906], "S_16.0_C_0.106577853829184": [3.592, 0.2792, 0.2929], "S_full_C_0.125236841024132": [5.177, 0.279, 0.2885]}