{"V_1_S_1": {"Mean": 0.002058448715309449, "Mode": 0.004586014636008262, "Quantile": 0.003703844511242278, "Quantile_05": 0.007168186403402129}, "V_8_S_1": {"Mean": 0.007477414842345185, "Mode": 0.005096389287456226, "Quantile": 0.009029543686323197, "Quantile_05": 0.012439253130492947}, "V_2_S_1": {"Mean": 0.0026931896485025857, "Mode": 0.0052207555692014, "Quantile": 0.004338585444435416, "Quantile_05": 0.007802927336595269}, "V_4_S_full": {"Mean": 0.006590511046408258, "Mode": 0.007511754590403158, "Quantile": 0.008318222327153107, "Quantile_05": 0.011657849604650609}, "V_8_S_0.5": {"Mean": 0.006376896130927686, "Mode": 0.003995870576038728, "Quantile": 0.007929024974905698, "Quantile_05": 0.011338734419075446}, "V_1_S_full": {"Mean": 0.004027479712195584, "Mode": 0.006555045632894399, "Quantile": 0.005672875508128415, "Quantile_05": 0.009137217400288267}, "V_2_S_0.5": {"Mean": 0.0004425155828557182, "Mode": 0.0029700815035545334, "Quantile": 0.002087911378788546, "Quantile_05": 0.005552253270948399}, "V_0.5_S_1": {"Mean": -0.0026860784443460076, "Mode": -0.007029918496445467, "Quantile": -0.0011384752531242671, "Quantile_05": 0.002312994358663313}, "V_0.5_S_16": {"Mean": 0.0019426186211150241, "Mode": 0.004470184541813837, "Quantile": 0.003588014417047853, "Quantile_05": 0.007052356309207706}, "V_2_S_full": {"Mean": 0.003507713287474088, "Mode": 0.006035279208172902, "Quantile": 0.005153109083406918, "Quantile_05": 0.008617450975566772}, "V_8_S_16": {"Mean": 0.007999219554431274, "Mode": 0.007284660965544572, "Quantile": 0.009650300763271447, "Quantile_05": 0.013003981385747047}, "V_8_S_full": {"Mean": 0.007781089632214422, "Mode": 0.010308655552913238, "Quantile": 0.00942648542814725, "Quantile_05": 0.012890827320307104}, "V_4_S_1": {"Mean": 0.002661944722029366, "Mode": 0.005189510642728181, "Quantile": 0.004307340517962197, "Quantile_05": 0.00777168241012205}, "V_4_S_0.5": {"Mean": 0.0032861834738454596, "Mode": 0.002571624884958757, "Quantile": 0.004937264682685631, "Quantile_05": 0.008290945305161234}, "V_0.5_S_0.5": {"Mean": 2.2837849594990224e-05, "Mode": 0.0025504037702938046, "Quantile": 0.0016682336455278207, "Quantile_05": 0.005132575537687674}, "V_0.5_S_full": {"Mean": 0.001997707495399498, "Mode": 0.00610322958484086, "Quantile": 0.0035431214249592503, "Quantile_05": 0.007091736283881914}, "V_2_S_16": {"Mean": 0.00189593748904519, "Mode": 0.006001459578486551, "Quantile": 0.00344135141860494, "Quantile_05": 0.006989966277527605}, "V_4_S_16": {"Mean": 0.003541636605309435, "Mode": 0.006069202526008251, "Quantile": 0.005187032401242264, "Quantile_05": 0.008651374293402117}, "V_1_S_16": {"Mean": 0.0025997616371672156, "Mode": 0.0051273275578660295, "Quantile": 0.004245157433100041, "Quantile_05": 0.007709499325259895}, "V_1_S_0.5": {"Mean": 0.0021416471064253893, "Mode": 0.0030628906504202896, "Quantile": 0.003869358387170237, "Quantile_05": 0.007208985664667737}}