{"V_8_S_full": {"Mean": 0.008205050374934287, "Mode": 0.011816085100086263, "Quantile": 0.010236376544703555, "Quantile_05": 0.013328147284133809}, "V_0.5_S_16": {"Mean": -0.0015276748622801632, "Mode": 0.003231057932554846, "Quantile": 0.00043971791516824116, "Quantile_05": 0.0035296841726570965}, "V_4_S_1": {"Mean": 0.0029826033370926757, "Mode": 0.004253057904630145, "Quantile": 0.0052003027661437105, "Quantile_05": 0.008069178912049894}, "V_8_S_1": {"Mean": 0.00392105923185012, "Mode": 0.00867979202668513, "Quantile": 0.005888452009298527, "Quantile_05": 0.008978418266787382}, "V_2_S_full": {"Mean": 0.0037231797606177416, "Mode": 0.006171595136354026, "Quantile": 0.005911671153410551, "Quantile_05": 0.008849009298210982}, "V_8_S_16": {"Mean": 0.007489445855204156, "Mode": 0.008759900422741624, "Quantile": 0.00970714528425519, "Quantile_05": 0.012576021430161372}, "V_4_S_16": {"Mean": 0.0011410689792818954, "Mode": -0.0029670193030628808, "Quantile": 0.0031118666329827457, "Quantile_05": 0.006097035345647905}, "V_0.5_S_full": {"Mean": -0.0034849310357645434, "Mode": -0.0042768250424857655, "Quantile": -0.0013098178106530902, "Quantile_05": 0.0014971291403430634}, "V_2_S_1": {"Mean": -0.00021710911411761298, "Mode": 0.0004436898522899354, "Quantile": 0.0020547216614734062, "Quantile_05": 0.004845091299869976}, "V_0.5_S_0.5": {"Mean": 0.005901233770529634, "Mode": 0.008735119420811907, "Quantile": 0.008113516636997288, "Quantile_05": 0.011041388922460368}, "V_8_S_0.5": {"Mean": 0.000941975461210616, "Mode": -0.003108346370991209, "Quantile": 0.002915877762116821, "Quantile_05": 0.005894672836446014}, "V_4_S_0.5": {"Mean": -0.0003424653773913249, "Mode": -0.004450553659736098, "Quantile": 0.0016283322763095244, "Quantile_05": 0.0046135009889746855}, "V_2_S_0.5": {"Mean": 0.007568800961487213, "Mode": 0.008112548386387577, "Quantile": 0.009832861449616008, "Quantile_05": 0.012624412493369087}, "V_2_S_16": {"Mean": 0.0011449740459518049, "Mode": -0.002967974971001066, "Quantile": 0.003116234152317576, "Quantile_05": 0.0061012640799251415}, "V_4_S_full": {"Mean": 0.0002581020775286446, "Mode": 0.0009728860458567898, "Quantile": 0.0025338977285509455, "Quantile_05": 0.005323364565370345}, "V_0.5_S_1": {"Mean": -0.003687048189286166, "Mode": -0.00447894219600739, "Quantile": -0.0015119349641747144, "Quantile_05": 0.0012950119868214392}}