{"V_8_S_full": {"Mean": 0.008205050374934287, "Mode": 0.011816085100086263, "Quantile": 0.010236376544703555, "Quantile_05": 0.013328147284133809}, "V_4_S_1": {"Mean": 0.0029826033370926757, "Mode": 0.004253057904630145, "Quantile": 0.0052003027661437105, "Quantile_05": 0.008069178912049894}, "V_8_S_1": {"Mean": 0.00392105923185012, "Mode": 0.00867979202668513, "Quantile": 0.005888452009298527, "Quantile_05": 0.008978418266787382}, "V_2_S_full": {"Mean": 0.0037231797606177416, "Mode": 0.006171595136354026, "Quantile": 0.005911671153410551, "Quantile_05": 0.008849009298210982}, "V_8_S_16": {"Mean": 0.007489445855204156, "Mode": 0.008759900422741624, "Quantile": 0.00970714528425519, "Quantile_05": 0.012576021430161372}, "V_4_S_16": {"Mean": 0.0011410689792818954, "Mode": -0.0029670193030628808, "Quantile": 0.0031118666329827457, "Quantile_05": 0.006097035345647905}, "V_2_S_1": {"Mean": -0.00021710911411761298, "Mode": 0.0004436898522899354, "Quantile": 0.0020547216614734062, "Quantile_05": 0.004845091299869976}, "V_4_S_0.5": {"Mean": -0.0003424653773913249, "Mode": -0.004450553659736098, "Quantile": 0.0016283322763095244, "Quantile_05": 0.0046135009889746855}, "V_0.5_S_1": {"Mean": -0.003687048189286166, "Mode": -0.00447894219600739, "Quantile": -0.0015119349641747144, "Quantile_05": 0.0012950119868214392}}