{"V_8_S_16": {"Mean": 0.013838130429136385, "Mode": 0.01690174527281724, "Quantile": 0.015899030539828298, "Quantile_05": 0.018962031511387964}, "V_8_S_0.5": {"Mean": 0.0038875220103013553, "Mode": 0.006951136853982212, "Quantile": 0.005948422120993262, "Quantile_05": 0.009011423092552928}, "V_1_S_full": {"Mean": 0.007986161246496055, "Mode": 0.009860510392183308, "Quantile": 0.010186042727524306, "Quantile_05": 0.0130903604263717}, "V_2_S_1": {"Mean": 0.007144417914838847, "Mode": 0.006590530555450766, "Quantile": 0.009235500243682315, "Quantile_05": 0.012132780663139078}, "V_2_S_0.5": {"Mean": 4.6265035273608014e-05, "Mode": 0.0031098798789544638, "Quantile": 0.0021071651459655134, "Quantile_05": 0.005170166117525183}, "V_0.5_S_1": {"Mean": 0.002595835396126593, "Mode": 0.004470184541813847, "Quantile": 0.004795716877154845, "Quantile_05": 0.007700034576002239}, "V_2_S_16": {"Mean": 0.007427344385910499, "Mode": 0.010490959229591356, "Quantile": 0.00948824449660241, "Quantile_05": 0.012551245468162078}, "V_1_S_0.5": {"Mean": 0.002584512423990873, "Mode": 0.003253192657406151, "Quantile": 0.004748626401595938, "Quantile_05": 0.007636394406436599}, "V_0.5_S_0.5": {"Mean": -4.235246489177097e-05, "Mode": 0.0018319966807954834, "Quantile": 0.0021575290161364776, "Quantile_05": 0.0050618467149838725}, "V_2_S_full": {"Mean": 0.011552864404566527, "Mode": 0.014616479248247383, "Quantile": 0.013613764515258439, "Quantile_05": 0.016676765486818106}, "V_4_S_16": {"Mean": 0.008375087332013937, "Mode": 0.012612037336121814, "Quantile": 0.010334912306108328, "Quantile_05": 0.013464676299925945}, "V_4_S_0.5": {"Mean": 0.003518983522906873, "Mode": 0.0041876637563221485, "Quantile": 0.0056830975005119355, "Quantile_05": 0.008570865505352597}, "V_1_S_1": {"Mean": 0.0035981991713482297, "Mode": 0.006661814015029085, "Quantile": 0.005659099282040138, "Quantile_05": 0.008722100253599804}, "V_1_S_16": {"Mean": 0.006017526097604103, "Mode": 0.009081140941284958, "Quantile": 0.008078426208296014, "Quantile_05": 0.011141427179855681}, "V_8_S_full": {"Mean": 0.012632606483604192, "Mode": 0.014506955629291446, "Quantile": 0.014832487964632443, "Quantile_05": 0.01773680566347984}, "V_4_S_1": {"Mean": 0.0042020243407293505, "Mode": -0.00040316971281878673, "Quantile": 0.006140060244750443, "Quantile_05": 0.009189574451085742}, "V_8_S_1": {"Mean": 0.0034560503364642553, "Mode": 0.00651966518014511, "Quantile": 0.005516950447156162, "Quantile_05": 0.00857995141871583}, "V_0.5_S_16": {"Mean": 0.0032459586011210594, "Mode": 0.006309573444801913, "Quantile": 0.005306858711812971, "Quantile_05": 0.008369859683372637}, "V_4_S_full": {"Mean": 0.010336174548332877, "Mode": 0.01221052369402013, "Quantile": 0.012536056029361128, "Quantile_05": 0.015440373728208523}, "V_0.5_S_full": {"Mean": 0.006543297148671976, "Mode": 0.00841764629435923, "Quantile": 0.008743178629700225, "Quantile_05": 0.011647496328547622}}