Color,Luminance
0.0,
1.0,216.342
0.5,69.077
0.75,130.903
0.625,88.312
0.6875,108.337
0.65625,97.939
0.671875,103.339
0.6640625,100.767
