{"V_12_S_1": {"Mean": 0.002303310165491723, "Mode": 0.0011700408060518776, "Quantile": 0.004381516004404377, "Quantile_05": 0.007268358761166524}, "V_10_S_16": {"Mean": 0.009757706359317511, "Mode": 0.007397732466969712, "Quantile": 0.011748142337713739, "Quantile_05": 0.014683676785507017}, "V_14_S_0.5": {"Mean": -0.004869829138927672, "Mode": -0.008977917421272446, "Quantile": -0.002899031485226822, "Quantile_05": 8.613722743833847e-05}, "V_16_S_full": {"Mean": 0.00959516485098819, "Mode": 0.008461895491548344, "Quantile": 0.011673370689900844, "Quantile_05": 0.014560213446662987}, "V_14_S_16": {"Mean": 0.012119499796927672, "Mode": 0.016980873269247715, "Quantile": 0.014008755507105154, "Quantile_05": 0.01715997313697442}, "V_14_S_full": {"Mean": 0.007961023342869942, "Mode": 0.008037736269605258, "Quantile": 0.01012199507975963, "Quantile_05": 0.012987001031299832}, "V_10_S_1": {"Mean": 0.0032559693999035257, "Mode": 0.005704384775639811, "Quantile": 0.005444460792696332, "Quantile_05": 0.008381798937496764}, "V_12_S_16": {"Mean": 0.011095107671861252, "Mode": 0.016030465750870214, "Quantile": 0.012983732069725843, "Quantile_05": 0.01612852599041889}, "V_14_S_1": {"Mean": 0.0010921058001568864, "Mode": 0.0011688187268922023, "Quantile": 0.0032530775370465713, "Quantile_05": 0.006118083488586771}, "V_10_S_full": {"Mean": 0.006610513852951169, "Mode": 0.007880968420488637, "Quantile": 0.008828213282002208, "Quantile_05": 0.01169708942790839}, "V_12_S_full": {"Mean": 0.008509727996113334, "Mode": 0.010958143371849617, "Quantile": 0.010698219388906145, "Quantile_05": 0.013635557533706575}, "V_16_S_1": {"Mean": -0.00450688132519284, "Mode": 0.0002518514696421694, "Quantile": -0.0025394885477444335, "Quantile_05": 0.0005504777097444214}, "V_10_S_0.5": {"Mean": -1.8657083119158394e-05, "Mode": 5.80558436161572e-05, "Quantile": 0.0021423146537705266, "Quantile_05": 0.005007320605310727}, "V_12_S_0.5": {"Mean": 0.00028752164696095725, "Mode": 0.0015579762144984249, "Quantile": 0.0025052210760119938, "Quantile_05": 0.005374097221918175}, "V_16_S_0.5": {"Mean": -0.008977178838402733, "Mode": -0.009769072845123957, "Quantile": -0.00680206561329128, "Quantile_05": -0.003995118662295128}, "V_16_S_16": {"Mean": 0.004022714065132478, "Mode": 0.007633748790284453, "Quantile": 0.0060540402349017405, "Quantile_05": 0.009145810974331998}}