{"V_0.5_S_full": {"Mean": 0.007270390436609422, "Mode": 0.004597686579418459, "Quantile": 0.0064457781946188385, "Quantile_05": 0.012439315196800797}, "V_8_S_full": {"Mean": 0.010543429160482901, "Mode": 0.006089606309010326, "Quantile": 0.012386626673172169, "Quantile_05": 0.015499840938868897}, "V_1_S_16": {"Mean": 0.0055218536797053, "Mode": 0.00461522484221263, "Quantile": 0.00699746645261362, "Quantile_05": 0.010508948142941746}, "V_8_S_1": {"Mean": 0.009241988164037908, "Mode": 0.013925880644719875, "Quantile": 0.009571336457788042, "Quantile_05": 0.014298253578562342}, "V_2_S_1": {"Mean": 0.00820475171882958, "Mode": 0.013176320944550473, "Quantile": 0.008492294917715013, "Quantile_05": 0.013265067083882266}, "V_1_S_full": {"Mean": 0.00724998011743229, "Mode": 0.00470346283399017, "Quantile": 0.007035434749586345, "Quantile_05": 0.012315817040789403}, "V_0.5_S_1": {"Mean": 0.0035840108235632223, "Mode": 0.003011652871675613, "Quantile": 0.004886662444718856, "Quantile_05": 0.008594248092272928}, "V_0.5_S_16": {"Mean": 0.003754758023706191, "Mode": 0.004050168344232041, "Quantile": 0.004065553272438933, "Quantile_05": 0.008835056950160396}, "V_4_S_1": {"Mean": 0.008305865737869674, "Mode": 0.0036732869569756515, "Quantile": 0.008751734054543376, "Quantile_05": 0.01333905869383404}, "V_2_S_full": {"Mean": 0.006050315034323447, "Mode": 0.0042882126518833654, "Quantile": 0.007618342692832135, "Quantile_05": 0.011004962682123653}, "V_8_S_16": {"Mean": 0.015308022889792007, "Mode": 0.015616711763791315, "Quantile": 0.013591020189914423, "Quantile_05": 0.020482314452646345}, "V_4_S_full": {"Mean": 0.008831034012919542, "Mode": 0.004858570676724651, "Quantile": 0.008890038755284078, "Quantile_05": 0.013873572497054443}, "V_1_S_1": {"Mean": 0.0035614122718072585, "Mode": 0.0031430046491814465, "Quantile": 0.0024769826594299403, "Quantile_05": 0.008759099645577242}, "V_4_S_16": {"Mean": 0.009814869408032636, "Mode": 0.014925020301528865, "Quantile": 0.008131084630892987, "Quantile_05": 0.015117277141419357}, "V_2_S_16": {"Mean": 0.0066387145054200005, "Mode": 0.004204331559904486, "Quantile": 0.007606661241743517, "Quantile_05": 0.011617955090902032}}