{"V_0.5_S_0.5": [0.06349999999999997, 0.04599999999999976], "V_0.5_S_1": [0.02700000000000002, 0.043000000000000024], "V_0.5_S_16": [0.05549999999999988, 0.07350000000000005], "V_0.5_S_full": [0.0699999999999999, 0.08100000000000006], "V_1_S_0.5": [0.0794999999999999, 0.05299999999999977], "V_1_S_1": [0.08500000000000006, 0.08300000000000002], "V_1_S_16": [0.09999999999999981, 0.09250000000000007], "V_1_S_full": [0.07249999999999986, 0.07600000000000004], "V_2_S_0.5": [0.06999999999999987, 0.06100000000000004], "V_2_S_1": [0.07549999999999979, 0.0829999999999998, 0.07899999999999988], "V_2_S_16": [0.27200000000000013, 0.07450000000000002], "V_2_S_full": [0.08749999999999997, 0.093], "V_4_S_0.5": [0.09399999999999989, 0.08150000000000006], "V_4_S_1": [0.0885, 0.08500000000000006], "V_4_S_16": [0.108, 0.08449999999999974], "V_4_S_full": [0.08849999999999986, 0.09400000000000003], "V_8_S_0.5": [0.11349999999999993, 0.06750000000000005], "V_8_S_1": [0.09300000000000003, 0.08850000000000006], "V_8_S_16": [0.12249999999999989, 0.1124999999999999], "V_8_S_full": [0.12299999999999983, 0.09399999999999994]}