{"V_0.5_S_0.5": {"Luminance": 0.8357353691690581, "C_t": 0.04194163610917604}, "V_1_S_0.5": {"Luminance": 1.1103654180507117, "C_t": 0.03020154626483534}, "V_2_S_0.5": {"Luminance": 1.090471998092787, "C_t": 0.030842727032769933}, "V_4_S_0.5": {"Luminance": 1.8169523673819052, "C_t": 0.016965223482842438}, "V_8_S_0.5": {"Luminance": 1.9283490536515855, "C_t": 0.015815842350479108}, "V_0.5_S_1": {"Luminance": 0.38282123126519263, "C_t": 0.09601944338069125}, "V_1_S_1": {"Luminance": 1.4638165268169776, "C_t": 0.02232583052187502}, "V_2_S_1": {"Luminance": 1.30027929715981, "C_t": 0.02548978660162606}, "V_4_S_1": {"Luminance": 1.563903990167697, "C_t": 0.020729859070664897}, "V_8_S_1": {"Luminance": 1.71904880063109, "C_t": 0.01863987643326421}, "V_0.5_S_16": {"Luminance": 0.8846512334381126, "C_t": 0.03908116106949436}, "V_1_S_16": {"Luminance": 1.9496279501695046, "C_t": 0.015579839536227354}, "V_2_S_16": {"Luminance": 8.354937527067879, "C_t": 0.002775342699407441}, "V_4_S_16": {"Luminance": 1.9496279501695006, "C_t": 0.015579839536227396}, "V_8_S_16": {"Luminance": 3.0951746083454896, "C_t": 0.009029930468419033}, "V_0.5_S_full": {"Luminance": 1.2296906385917208, "C_t": 0.02469652072176794}, "V_1_S_full": {"Luminance": 1.1909390116681218, "C_t": 0.025725270222711368}, "V_2_S_full": {"Luminance": 1.7666176668231, "C_t": 0.015522843303741018}, "V_4_S_full": {"Luminance": 1.8087114542974894, "C_t": 0.015059283663466216}, "V_8_S_full": {"Luminance": 2.6627561445459045, "C_t": 0.009136879684184036}}