{"V_0.5_S_1": [0.02849999999999986], "V_0.5_S_16": [0.07813684385927355], "V_0.5_S_full": [0.09099999999999991], "V_2_S_0.5": [0.06174821807590976], "V_2_S_1": [0.10963572343741769], "V_2_S_16": [0.10821384675067039], "V_2_S_full": [0.11126348895069502], "V_4_S_0.5": [0.09352234436389696], "V_4_S_1": [0.07682711542211113], "V_4_S_16": [0.09633816380138022], "V_4_S_full": [0.10602482211638131], "V_8_S_0.5": [0.043524652504277284], "V_8_S_1": [0.11637011507321543], "V_8_S_16": [0.12349999999999994], "V_8_S_full": [0.1231181555080979]}