{"S_1.0_C_0.0693054564379849": [1.398, 0.2774, 0.292], "S_16.0_C_0.0594099332458825": [1.021, 0.2742, 0.2898], "S_full_C_0.0290807132602613": [0.37, 0.269, 0.313], "S_1.0_C_0.0930154735436283": [2.612, 0.2768, 0.2895], "S_16.0_C_0.0849164119550603": [1.972, 0.2744, 0.2827], "S_full_C_0.0973650974530527": [2.884, 0.2749, 0.2864], "S_1.0_C_0.0868588585615768": [1.975, 0.2749, 0.2825], "S_16.0_C_0.0979525255117712": [2.919, 0.2742, 0.2865], "S_full_C_0.0895924717150014": [2.228, 0.2757, 0.2878], "S_1.0_C_0.112785502366611": [3.96, 0.2765, 0.2839], "S_16.0_C_0.109629785739283": [3.704, 0.277, 0.2872], "S_full_C_0.0999399018123776": [2.808, 0.2747, 0.2864], "S_1.0_C_0.100443406400243": [3.056, 0.2765, 0.2866], "S_16.0_C_0.116277772981168": [4.202, 0.2764, 0.2875]}