{"S_1.0_C_0.071212170780448": [0.369, 0.2865, 0.2961], "S_16.0_C_0.0660338431190267": [0.357, 0.2788, 0.298], "S_full_C_0.0206675363070782": [0.083, 0.2863, 0.3347], "S_1.0_C_0.100213431737614": [0.846, 0.2795, 0.2912], "S_16.0_C_0.0833081677094401": [0.506, 0.2797, 0.29], "S_full_C_0.105907513748839": [0.888, 0.2822, 0.2951], "S_1.0_C_0.100917385577945": [0.843, 0.2827, 0.2921], "S_16.0_C_0.113946354228214": [1.048, 0.2806, 0.2885], "S_16.0_C_0.116757648658662": [1.142, 0.2804, 0.2916], "S_full_C_0.121147684225076": [1.171, 0.2803, 0.2905], "S_1.0_C_0.114358340316928": [1.051, 0.2806, 0.2888], "S_16.0_C_0.133843028768492": [1.48, 0.2814, 0.2915]}