{"S_1.0_C_0.0693054564379849": [0.382, 0.2789, 0.2959], "S_16.0_C_0.0594099332458825": [0.286, 0.2817, 0.2995], "S_full_C_0.0290807132602613": [0.108, 0.2674, 0.314], "S_1.0_C_0.0930154735436283": [0.719, 0.2803, 0.2925], "S_16.0_C_0.0849164119550603": [0.542, 0.2772, 0.2862], "S_full_C_0.0973650974530527": [0.811, 0.278, 0.2928], "S_1.0_C_0.0868588585615768": [0.554, 0.2801, 0.2901], "S_16.0_C_0.0979525255117712": [0.811, 0.2792, 0.2918], "S_full_C_0.0895924717150014": [0.615, 0.2801, 0.289], "S_1.0_C_0.112785502366611": [1.105, 0.2804, 0.2875], "S_16.0_C_0.109629785739283": [1.031, 0.2819, 0.2922], "S_full_C_0.0999399018123776": [0.779, 0.2781, 0.2896], "S_1.0_C_0.100443406400243": [0.853, 0.2809, 0.2915], "S_16.0_C_0.116277772981168": [1.151, 0.2786, 0.2904]}