{"V_4_S_16": {"Mean": 0.11202477182928985, "Mode": 0.11935, "Quantile": 0.10963132670965337, "Quantile_05": 0.11879138933189702}, "V_4_S_full": {"Mean": 0.11009062896239752, "Mode": 0.10880000000000001, "Quantile": 0.10848330509168214, "Quantile_05": 0.11576536648003723}, "V_16_S_full": {"Mean": 0.15310982906239198, "Mode": 0.15875, "Quantile": 0.15048973368367843, "Quantile_05": 0.1596105137753026}, "V_1_S_full": {"Mean": 0.10083557995236489, "Mode": 0.1075, "Quantile": 0.09907158133516418, "Quantile_05": 0.10667864462061961}, "V_2_S_16": {"Mean": 0.0987559869814963, "Mode": 0.10314999999999995, "Quantile": 0.09782135300440983, "Quantile_05": 0.1041282913767568}, "V_16_S_16": {"Mean": 0.1331654764168898, "Mode": 0.1387, "Quantile": 0.13049872785747701, "Quantile_05": 0.13977747670839583}, "V_0.5_S_full": {"Mean": 0.02637674909238351, "Mode": 0.0266, "Quantile": 0.024571406283057054, "Quantile_05": 0.03234545437696553}, "V_8_S_full": {"Mean": 0.11673973636154855, "Mode": 0.11839999999999996, "Quantile": 0.1169923419605631, "Quantile_05": 0.12187056168268086}, "V_4_S_1": {"Mean": 0.1125519557744829, "Mode": 0.11819999999999992, "Quantile": 0.11103754042392358, "Quantile_05": 0.11807710454654023}, "V_2_S_1": {"Mean": 0.09238771491619698, "Mode": 0.09319999999999999, "Quantile": 0.09091973669344815, "Quantile_05": 0.09796070276092853}, "V_8_S_1": {"Mean": 0.1004661990714422, "Mode": 0.10059999999999993, "Quantile": 0.09904537325111029, "Quantile_05": 0.10600034842842833}, "V_0.5_S_16": {"Mean": 0.07323675902398818, "Mode": 0.07175, "Quantile": 0.07205799923203754, "Quantile_05": 0.07884138872068655}, "V_1_S_1": {"Mean": 0.09246108075444831, "Mode": 0.09284999999999999, "Quantile": 0.0901131500423602, "Quantile_05": 0.09884955636843633}, "V_1_S_16": {"Mean": 0.08372434835338335, "Mode": 0.08675000000000004, "Quantile": 0.08347906647274224, "Quantile_05": 0.0889878435833531}, "V_0.5_S_1": {"Mean": 0.07265068278146038, "Mode": 0.07144999999999999, "Quantile": 0.07225168525369824, "Quantile_05": 0.07791829223291838}, "V_8_S_16": {"Mean": 0.1285105361900242, "Mode": 0.13485, "Quantile": 0.12613881997798443, "Quantile_05": 0.1351257379879658}, "V_16_S_1": {"Mean": -0.06208286609916832, "Mode": -0.05510000000000003, "Quantile": -0.06349841686186475, "Quantile_05": -0.05619033302845238}, "V_2_S_full": {"Mean": 0.09479413913068607, "Mode": 0.0939, "Quantile": 0.09467107248642995, "Quantile_05": 0.09997300872031072}}