{"V_2_S_16": {"Mean": 0.005546144469832837, "Mode": 0.004412875110392991, "Quantile": 0.007624350308745496, "Quantile_05": 0.010511193065507638}, "V_0.5_S_16": {"Mean": 0.0020802395210574795, "Mode": 0.0033506940885949486, "Quantile": 0.004297938950108514, "Quantile_05": 0.007166815096014696}, "V_4_S_16": {"Mean": 0.007701519759384242, "Mode": 0.005065553123508167, "Quantile": 0.009672114039332973, "Quantile_05": 0.012624040660619697}, "V_2_S_0.5": {"Mean": 0.0009477197998145846, "Mode": 0.0022181743673520536, "Quantile": 0.0031654192288656222, "Quantile_05": 0.006034295374771806}, "V_4_S_0.5": {"Mean": 0.0030020690972812516, "Mode": 0.005450484473017538, "Quantile": 0.00519056049007406, "Quantile_05": 0.008127898634874491}, "V_8_S_full": {"Mean": 0.007685948369544557, "Mode": 0.007626728658616473, "Quantile": 0.009837873762705, "Quantile_05": 0.01270458427605041}, "V_4_S_1": {"Mean": 0.006830158434161647, "Mode": 0.004470184541813845, "Quantile": 0.00882059441255787, "Quantile_05": 0.011756128860351149}, "V_8_S_1": {"Mean": 0.006900890336241042, "Mode": 0.005767620976801196, "Quantile": 0.008979096175153696, "Quantile_05": 0.011865938931915843}, "V_2_S_full": {"Mean": 0.0048665154773421615, "Mode": 0.004943228404077477, "Quantile": 0.007027487214231848, "Quantile_05": 0.00989249316577205}, "V_0.5_S_0.5": {"Mean": -0.0028313032590727575, "Mode": 0.0019274295357622493, "Quantile": -0.0008639104816243509, "Quantile_05": 0.002226055775864505}, "V_2_S_1": {"Mean": 0.002330882287720219, "Mode": 0.003601336855257688, "Quantile": 0.004548581716771253, "Quantile_05": 0.007417457862677437}, "V_0.5_S_1": {"Mean": 0.0004304124251955769, "Mode": 0.0028788278009318643, "Quantile": 0.0026189038179883894, "Quantile_05": 0.005556241962788817}, "V_4_S_full": {"Mean": 0.007386126103265341, "Mode": 0.006252856743825496, "Quantile": 0.009464331942178002, "Quantile_05": 0.012351174698940143}, "V_0.5_S_full": {"Mean": 0.0020252371209359913, "Mode": 0.005636271846087966, "Quantile": 0.004056563290705256, "Quantile_05": 0.007148334030135512}, "V_8_S_0.5": {"Mean": 0.002127541475896157, "Mode": 0.0022042544026314747, "Quantile": 0.004288513212785845, "Quantile_05": 0.007153519164326045}, "V_8_S_16": {"Mean": 0.006232860518066626, "Mode": 0.006309573444801942, "Quantile": 0.00839383225495631, "Quantile_05": 0.011258838206496511}}