{"V_0.5_S_0.5": [0.0583309866751342], "V_4_S_0.5": [0.0935635877485894], "V_0.5_S_full": [0.09499999999999992], "V_2_S_full": [0.08949999999999991], "V_8_S_full": [0.10899999999999993], "V_8_S_1": [0.09600000000000003], "V_2_S_16": [0.08500000000000006], "V_4_S_full": [0.09959040314269124], "V_4_S_1": [0.08550000000000003], "V_2_S_1": [0.07750000000000001], "V_8_S_0.5": [0.062], "V_2_S_0.5": [0.06217766391600906], "V_0.5_S_16": [0.07500000000000005], "V_8_S_16": [0.10000000000000009], "V_4_S_16": [0.09050000000000008], "V_0.5_S_1": [0.07000000000000005]}