{"V_4_S_1": {"Mean": 0.003440755408661794, "Mode": 0.005315104554349047, "Quantile": 0.005640636889690045, "Quantile_05": 0.008544954588537441}, "V_0.5_S_16": {"Mean": 0.004495859659512589, "Mode": 0.003941972300124508, "Quantile": 0.006586941988356058, "Quantile_05": 0.00948422240781282}, "V_1_S_full": {"Mean": 0.004539800980674684, "Mode": 0.006414150126361938, "Quantile": 0.006739682461702932, "Quantile_05": 0.009644000160550326}, "V_4_S_16": {"Mean": 0.0026053395816780407, "Mode": 0.005668954425358896, "Quantile": 0.004666239692369949, "Quantile_05": 0.007729240663929618}, "V_8_S_full": {"Mean": 0.008131212617449717, "Mode": 0.007435634151306432, "Quantile": 0.010212079709223637, "Quantile_05": 0.013112492824521638}, "V_2_S_16": {"Mean": 0.004034782600574895, "Mode": 0.00470346283399017, "Quantile": 0.006198896578179957, "Quantile_05": 0.00908666458302062}, "V_2_S_1": {"Mean": 0.000952560638620318, "Mode": 0.005189510642728195, "Quantile": 0.002912385612714706, "Quantile_05": 0.006042149606532323}, "V_8_S_1": {"Mean": 0.003632222293863692, "Mode": 0.005506571439550944, "Quantile": 0.005832103774891939, "Quantile_05": 0.008736421473739334}, "V_2_S_0.5": {"Mean": 0.0009594337204420302, "Mode": 0.002833782866129283, "Quantile": 0.0031593152014702773, "Quantile_05": 0.006063632900317672}, "V_4_S_full": {"Mean": 0.010182656175151496, "Mode": 0.0070613645005204746, "Quantile": 0.012097926461255234, "Quantile_05": 0.015101557082684909}, "V_8_S_16": {"Mean": 0.008068796282529178, "Mode": 0.006274922836156425, "Quantile": 0.010070986313998772, "Quantile_05": 0.013004674387898634}, "V_1_S_16": {"Mean": 0.0010412512515029825, "Mode": 0.004104866095183838, "Quantile": 0.0031021513621948904, "Quantile_05": 0.006165152333754558}, "V_1_S_1": {"Mean": 0.0031139892513738993, "Mode": 0.0037826694847891743, "Quantile": 0.005278103228978962, "Quantile_05": 0.008165871233819623}, "V_0.5_S_full": {"Mean": 0.0013342657653578043, "Mode": 0.005571215769465679, "Quantile": 0.0032940907394521965, "Quantile_05": 0.0064238547332698135}, "V_2_S_full": {"Mean": 0.004870161930001003, "Mode": 0.005538842163416278, "Quantile": 0.007034275907606065, "Quantile_05": 0.009922043912446728}, "V_8_S_0.5": {"Mean": 0.0025124158273266903, "Mode": 0.0031810960607419653, "Quantile": 0.004676529804931752, "Quantile_05": 0.007564297809772415}, "V_4_S_0.5": {"Mean": 0.0003364194195167101, "Mode": 0.0034000342631975654, "Quantile": 0.0023973195302086176, "Quantile_05": 0.005460320501768286}, "V_0.5_S_1": {"Mean": -0.0009352029422421419, "Mode": 0.003301747061865735, "Quantile": 0.001024622031852252, "Quantile_05": 0.00415438602566987}, "V_0.5_S_0.5": {"Mean": 0.0002909866466381233, "Mode": 0.0021653357923253776, "Quantile": 0.002490868127666372, "Quantile_05": 0.005395185826513766}, "V_1_S_0.5": {"Mean": 0.0014642827163603594, "Mode": 0.004527897560041215, "Quantile": 0.00352518282705227, "Quantile_05": 0.006588183798611937}, "V_16_S_0.5": {"Mean": -0.004957472968149276, "Mode": -0.007946516326047629, "Quantile": -0.00293818893042907, "Quantile_05": -3.660700831779537e-05}, "V_14_S_full": {"Mean": 0.013181577156374072, "Mode": 0.016694024501483842, "Quantile": 0.015133103480976028, "Quantile_05": 0.018295736978188485}, "V_12_S_full": {"Mean": 0.010683255390470686, "Mode": 0.010759968317206003, "Quantile": 0.012844227127360372, "Quantile_05": 0.01570923307890057}, "V_10_S_16": {"Mean": 0.009710888134104293, "Mode": 0.006108748499476247, "Quantile": 0.011630717132999567, "Quantile_05": 0.014643818725995517}, "V_14_S_16": {"Mean": 0.008302121080787945, "Mode": 0.005799570161195584, "Quantile": 0.010282742422059513, "Quantile_05": 0.01322602457656434}, "V_12_S_16": {"Mean": 0.006789191045461244, "Mode": 0.008059645612998713, "Quantile": 0.009006890474512278, "Quantile_05": 0.011875766620418463}, "V_16_S_16": {"Mean": 0.0074788284622639145, "Mode": 0.008749283029801384, "Quantile": 0.009696527891314952, "Quantile_05": 0.012565404037221135}, "V_16_S_1": {"Mean": -0.010548951833803579, "Mode": -0.008142371229697526, "Quantile": -0.008261649631595959, "Quantile_05": -0.005415237798791009}, "V_10_S_1": {"Mean": 0.0031649624896188796, "Mode": -0.000882105569434263, "Quantile": 0.005138565079585102, "Quantile_05": 0.008117455837894534}, "V_12_S_0.5": {"Mean": -0.002890188818417766, "Mode": -0.003310055187193666, "Quantile": -0.000684621394984302, "Quantile_05": 0.0021118269509571635}, "V_14_S_1": {"Mean": -0.005781221661105333, "Mode": -0.006573115667826555, "Quantile": -0.003606108435993881, "Quantile_05": -0.0007991614849977282}, "V_12_S_1": {"Mean": 0.000773912906365888, "Mode": 0.004384947631517863, "Quantile": 0.002805239076135151, "Quantile_05": 0.005897009815565404}, "V_16_S_full": {"Mean": 0.010747452838148892, "Mode": 0.009473855866712464, "Quantile": 0.012815033171962177, "Quantile_05": 0.01570641221686108}, "V_14_S_0.5": {"Mean": -0.009766845500142222, "Mode": -0.007360264896036167, "Quantile": -0.007479543297934599, "Quantile_05": -0.004633131465129649}, "V_10_S_0.5": {"Mean": -0.0004442175834849043, "Mode": 0.0031668171416670706, "Quantile": 0.00158710858628436, "Quantile_05": 0.004678879325714615}, "V_10_S_full": {"Mean": 0.006950084761705171, "Mode": 0.0056206181504156435, "Quantile": 0.00901184644048382, "Quantile_05": 0.011906633489198109}}