{"V_2_S_0.5": {"Mean": 0.0034813572155241597, "Mode": 0.002927469856136076, "Quantile": 0.005572439544367629, "Quantile_05": 0.00846971996382439}, "V_1_S_1": {"Mean": 0.0023944795570119033, "Mode": 0.004268828702699156, "Quantile": 0.004594361038040151, "Quantile_05": 0.007498678736887546}, "V_8_S_0.5": {"Mean": 0.0030607544160275385, "Mode": 0.002506867056639456, "Quantile": 0.005151836744871007, "Quantile_05": 0.00804911716432777}, "V_0.5_S_full": {"Mean": 0.0006639969552243484, "Mode": 0.003727611798905204, "Quantile": 0.0027248970659162542, "Quantile_05": 0.005787898037475923}, "V_4_S_full": {"Mean": 0.0030841670345929367, "Mode": 0.006147781878273793, "Quantile": 0.005145067145284843, "Quantile_05": 0.008208068116844512}}