{"V_0.5_S_0.5": [0.05249999999999988], "V_4_S_full": [0.10115001664303297], "V_0.5_S_1": [0.07896944432693348], "V_8_S_1": [0.09699999999999992], "V_8_S_0.5": [0.08468998395709584], "V_8_S_16": [0.10070131327638837], "V_8_S_full": [0.09269540942851642], "V_2_S_1": [0.051146266783073505], "V_4_S_0.5": [0.04299999999999987], "V_2_S_full": [0.0764999999999999], "V_2_S_0.5": [0.06349999999999989], "V_0.5_S_16": [0.08799999999999991], "V_2_S_16": [0.08085031747458604], "V_0.5_S_full": [0.08641770196442494], "V_4_S_1": [0.0714999999999999], "V_4_S_16": [0.0845561668246041]}