{"V_2_S_full": [0.1040737429432531], "V_4_S_full": [0.09612715273099277], "V_0.5_S_full": [0.0887736047525114], "V_4_S_16": [0.08020692869823833], "V_8_S_1": [0.10009096747965467], "V_2_S_1": [0.08651555348945643], "V_8_S_16": [0.11167326863688168], "V_8_S_0.5": [0.09587719116830651], "V_0.5_S_1": [0.08765992514387094], "V_4_S_0.5": [0.09174051705231873], "V_8_S_full": [0.11457339435877349], "V_0.5_S_16": [0.07670959621208802], "V_2_S_0.5": [0.07135716784896165], "V_0.5_S_0.5": [0.07361607127602075], "V_2_S_16": [0.09403854519881777], "V_4_S_1": [0.08088699158981517]}