{"V_2_S_16": {"Mean": 0.005546144469832837, "Mode": 0.004412875110392991, "Quantile": 0.007624350308745496, "Quantile_05": 0.010511193065507638}, "V_0.5_S_16": {"Mean": 0.0020802395210574795, "Mode": 0.0033506940885949486, "Quantile": 0.004297938950108514, "Quantile_05": 0.007166815096014696}, "V_4_S_16": {"Mean": 0.007701519759384242, "Mode": 0.005065553123508167, "Quantile": 0.009672114039332973, "Quantile_05": 0.012624040660619697}, "V_2_S_0.5": {"Mean": 0.0009477197998145846, "Mode": 0.0022181743673520536, "Quantile": 0.0031654192288656222, "Quantile_05": 0.006034295374771806}, "V_4_S_0.5": {"Mean": 0.0030020690972812516, "Mode": 0.005450484473017538, "Quantile": 0.00519056049007406, "Quantile_05": 0.008127898634874491}, "V_8_S_full": {"Mean": 0.007685948369544557, "Mode": 0.007626728658616473, "Quantile": 0.009837873762705, "Quantile_05": 0.01270458427605041}, "V_4_S_1": {"Mean": 0.006830158434161647, "Mode": 0.004470184541813845, "Quantile": 0.00882059441255787, "Quantile_05": 0.011756128860351149}, "V_8_S_1": {"Mean": 0.006900890336241042, "Mode": 0.005767620976801196, "Quantile": 0.008979096175153696, "Quantile_05": 0.011865938931915843}, "V_2_S_full": {"Mean": 0.0048665154773421615, "Mode": 0.004943228404077477, "Quantile": 0.007027487214231848, "Quantile_05": 0.00989249316577205}, "V_0.5_S_0.5": {"Mean": -0.0028313032590727575, "Mode": 0.0019274295357622493, "Quantile": -0.0008639104816243509, "Quantile_05": 0.002226055775864505}, "V_2_S_1": {"Mean": 0.002330882287720219, "Mode": 0.003601336855257688, "Quantile": 0.004548581716771253, "Quantile_05": 0.007417457862677437}, "V_0.5_S_1": {"Mean": 0.0004304124251955769, "Mode": 0.0028788278009318643, "Quantile": 0.0026189038179883894, "Quantile_05": 0.005556241962788817}, "V_4_S_full": {"Mean": 0.007386126103265341, "Mode": 0.006252856743825496, "Quantile": 0.009464331942178002, "Quantile_05": 0.012351174698940143}, "V_0.5_S_full": {"Mean": 0.0020252371209359913, "Mode": 0.005636271846087966, "Quantile": 0.004056563290705256, "Quantile_05": 0.007148334030135512}, "V_8_S_0.5": {"Mean": 0.002127541475896157, "Mode": 0.0022042544026314747, "Quantile": 0.004288513212785845, "Quantile_05": 0.007153519164326045}, "V_8_S_16": {"Mean": 0.006232860518066626, "Mode": 0.006309573444801942, "Quantile": 0.00839383225495631, "Quantile_05": 0.011258838206496511}, "V_16_S_full": {"Mean": 0.005921544999669619, "Mode": 0.0021088703577684486, "Quantile": 0.007831514221739338, "Quantile_05": 0.01086191275160795}, "V_16_S_1": {"Mean": -0.00440371990352543, "Mode": -0.00739276326142378, "Quantile": -0.0023844358658052273, "Quantile_05": 0.0005171460563060466}, "V_12_S_0.5": {"Mean": -0.003932008942893392, "Mode": -0.0022021292989707663, "Quantile": -0.0016240346012742308, "Quantile_05": 0.0011813774569201735}, "V_12_S_16": {"Mean": 0.008316413520603888, "Mode": 0.013313007079217376, "Quantile": 0.010206533002977707, "Quantile_05": 0.013343960988931095}, "V_16_S_16": {"Mean": 0.00585967489398955, "Mode": 0.0017779479443035904, "Quantile": 0.0077571982936023255, "Quantile_05": 0.010812560417368042}, "V_12_S_full": {"Mean": 0.003575414882552309, "Mode": 0.0060238302582885945, "Quantile": 0.005763906275345123, "Quantile_05": 0.00870124442014555}, "V_10_S_16": {"Mean": 0.003391775756533254, "Mode": 0.008150508551368263, "Quantile": 0.005359168533981662, "Quantile_05": 0.008449134791470518}, "V_14_S_0.5": {"Mean": -0.007095727369399131, "Mode": -0.004084672868722423, "Quantile": -0.004909420422506793, "Quantile_05": -0.001954768555608487}, "V_10_S_0.5": {"Mean": -0.007584327184309533, "Mode": -0.008376221191030755, "Quantile": -0.005409213959198081, "Quantile_05": -0.002602267008201928}, "V_10_S_full": {"Mean": 0.006443180147045898, "Mode": 0.007713634714583367, "Quantile": 0.008660879576096932, "Quantile_05": 0.011529755722003114}, "V_14_S_full": {"Mean": 0.005915501565399089, "Mode": 0.007185956132936559, "Quantile": 0.008133200994450123, "Quantile_05": 0.011002077140356305}, "V_12_S_1": {"Mean": -0.005430838241686791, "Mode": -0.009538926524031566, "Quantile": -0.003460040587985942, "Quantile_05": -0.0004748718753207808}, "V_10_S_1": {"Mean": -0.0026221091803516616, "Mode": 0.0009889255448003135, "Quantile": -0.0005907830105823944, "Quantile_05": 0.0025009877288478593}, "V_14_S_1": {"Mean": -0.006657409394266004, "Mode": -0.009646452752164357, "Quantile": -0.004638125356545797, "Quantile_05": -0.0017365434344345206}, "V_14_S_16": {"Mean": 0.001211087083975672, "Mode": 0.0048221218091276455, "Quantile": 0.0032424132537449404, "Quantile_05": 0.006334183993175193}, "V_16_S_0.5": {"Mean": -0.007464196034985123, "Mode": -0.009347959319828972, "Quantile": -0.005370917716165085, "Quantile_05": -0.0025281263620658355}}