{"V_8_S_1": {"Mean": 0.004125241245997284, "Mode": 0.004201954172732601, "Quantile": 0.006286212982886965, "Quantile_05": 0.009151218934427167}, "V_0.5_S_full": {"Mean": 0.0038565097217088456, "Mode": 0.00630492509744513, "Quantile": 0.0060450011145016585, "Quantile_05": 0.008982339259302087}, "V_0.5_S_16": {"Mean": 0.0012026830531782565, "Mode": 0.005961415848013267, "Quantile": 0.0031700758306266634, "Quantile_05": 0.006260042088115519}, "V_2_S_full": {"Mean": 0.004126080195634681, "Mode": 0.00539653476317215, "Quantile": 0.006343779624685719, "Quantile_05": 0.009212655770591901}, "V_2_S_0.5": {"Mean": 0.0007161368808234897, "Mode": 0.005474869675658498, "Quantile": 0.002683529658271898, "Quantile_05": 0.005773495915760754}, "V_4_S_16": {"Mean": 0.005064581397558142, "Mode": 0.007512996773294429, "Quantile": 0.007253072790350947, "Quantile_05": 0.01019041093515138}, "V_8_S_0.5": {"Mean": 0.0027116529382757333, "Mode": 0.0039821075058132024, "Quantile": 0.004929352367326771, "Quantile_05": 0.007798228513232953}, "V_2_S_1": {"Mean": 0.0019630465104352648, "Mode": 0.0044114618861715495, "Quantile": 0.004151537903228074, "Quantile_05": 0.007088876048028505}, "V_8_S_full": {"Mean": 0.010697714845294333, "Mode": 0.007095575210666289, "Quantile": 0.012617543844189609, "Quantile_05": 0.015630645437185557}, "V_4_S_1": {"Mean": 0.0017178434666814584, "Mode": 0.002988298034218928, "Quantile": 0.003935542895732494, "Quantile_05": 0.006804419041638678}, "V_4_S_0.5": {"Mean": 0.0015280644015698472, "Mode": 0.003976479777306132, "Quantile": 0.003716555794362657, "Quantile_05": 0.006653893939163088}, "V_8_S_16": {"Mean": 0.011379799368924552, "Mode": 0.01610689327925769, "Quantile": 0.013268745567140618, "Quantile_05": 0.016431875421861912}, "V_0.5_S_1": {"Mean": 0.0020307440367178077, "Mode": 0.004479159412454094, "Quantile": 0.004219235429510619, "Quantile_05": 0.007156573574311048}, "V_0.5_S_0.5": {"Mean": -0.00043754446740820047, "Mode": 0.003173490257743774, "Quantile": 0.0015937817023610628, "Quantile_05": 0.00468555244179132}, "V_4_S_full": {"Mean": 0.00653945566928797, "Mode": 0.005406186309848126, "Quantile": 0.008617661508200624, "Quantile_05": 0.01150450426496277}, "V_2_S_16": {"Mean": 0.0037523690103417108, "Mode": 0.006200784386077998, "Quantile": 0.005940860403134519, "Quantile_05": 0.008878198547934951}}