{"V_0.5_S_0.5": [0.053999999999999826, 0.06899999999999992], "V_0.5_S_1": [0.07100000000000005, 0.07799999999999997], "V_0.5_S_16": [0.07950000000000003, 0.08200000000000006], "V_0.5_S_full": [0.09799999999999989, 0.09100000000000004], "V_1_S_0.5": [0.09150000000000003, 0.08050000000000006], "V_1_S_1": [0.07649999999999993, 0.08200000000000003], "V_1_S_16": [0.07500000000000005, 0.08949999999999998], "V_1_S_full": [0.10400000000000004, 0.09750000000000004], "V_2_S_0.5": [0.07300000000000005, 0.06599999999999984], "V_2_S_1": [0.09099999999999987, 0.09200000000000007], "V_2_S_16": [0.08400000000000003, 0.09099999999999997], "V_2_S_full": [0.09099999999999997, 0.09749999999999986], "V_4_S_0.5": [0.08449999999999987], "V_4_S_1": [0.09749999999999988, 0.08749999999999988], "V_4_S_16": [0.0985, 0.09199999999999986], "V_4_S_full": [0.11199999999999986, 0.09850000000000007], "V_8_S_0.5": [0.07000000000000005], "V_8_S_1": [0.10149999999999983, 0.08649999999999985], "V_8_S_16": [0.09350000000000006, 0.10599999999999982], "V_8_S_full": [0.1015, 0.11400000000000009], "V_12_S_full": [0.12745845005299503], "V_10_S_1": [0.11821683972588534], "V_10_S_0.5": [0.07310036401054863], "V_16_S_full": [0.12029274695133839], "V_10_S_16": [0.09854047626695477], "V_12_S_16": [0.11177004609219603], "V_16_S_16": [0.11602002079163898], "V_12_S_1": [0.08475506111743426], "V_12_S_0.5": [0.10269651304043909], "V_10_S_full": [0.09487997956906163], "V_16_S_1": [0.05736112955123027], "V_16_S_0.5": [0.060035083032491235], "V_14_S_0.5": [0.06729487275709235], "V_14_S_1": [0.07577042934528004], "V_14_S_full": [0.1027249750324047], "V_14_S_16": [0.09624135532158419]}