{"V_2_S_1": {"Mean": 0.005189510642728195, "Mode": 0.005189510642728195, "Quantile": 0.006727668697654832, "Quantile_05": 0.010189510642728196}, "V_0.5_S_full": {"Mean": 0.005571215769465679, "Mode": 0.005571215769465679, "Quantile": 0.007109373824392316, "Quantile_05": 0.01057121576946568}, "V_0.5_S_1": {"Mean": 0.0033017470618657346, "Mode": 0.003301747061865735, "Quantile": 0.004839905116792373, "Quantile_05": 0.008301747061865736}, "V_4_S_1": {"Mean": 0.005315104554349047, "Mode": 0.005315104554349047, "Quantile": 0.006853262609275684, "Quantile_05": 0.010315104554349048}, "V_0.5_S_0.5": {"Mean": 0.002165335792325377, "Mode": 0.0021653357923253776, "Quantile": 0.003703493847252015, "Quantile_05": 0.007165335792325379}, "V_2_S_16": {"Mean": 0.00470346283399017, "Mode": 0.00470346283399017, "Quantile": 0.006241620888916807, "Quantile_05": 0.009703462833990172}, "V_1_S_full": {"Mean": 0.006414150126361938, "Mode": 0.006414150126361938, "Quantile": 0.007952308181288576, "Quantile_05": 0.01141415012636194}, "V_4_S_0.5": {"Mean": 0.003400034263197565, "Mode": 0.0034000342631975654, "Quantile": 0.004938192318124203, "Quantile_05": 0.008400034263197567}, "V_8_S_16": {"Mean": 0.006274922836156425, "Mode": 0.006274922836156425, "Quantile": 0.007813080891083062, "Quantile_05": 0.011274922836156425}, "V_2_S_0.5": {"Mean": 0.0028337828661292824, "Mode": 0.002833782866129283, "Quantile": 0.00437194092105592, "Quantile_05": 0.007833782866129284}, "V_2_S_full": {"Mean": 0.005538842163416278, "Mode": 0.005538842163416278, "Quantile": 0.007077000218342916, "Quantile_05": 0.01053884216341628}, "V_8_S_1": {"Mean": 0.005506571439550944, "Mode": 0.005506571439550944, "Quantile": 0.007044729494477582, "Quantile_05": 0.010506571439550945}, "V_8_S_full": {"Mean": 0.007435634151306432, "Mode": 0.007435634151306432, "Quantile": 0.00897379220623307, "Quantile_05": 0.012435634151306434}, "V_1_S_0.5": {"Mean": 0.004527897560041215, "Mode": 0.004527897560041215, "Quantile": 0.006066055614967853, "Quantile_05": 0.009527897560041215}, "V_4_S_full": {"Mean": 0.0070613645005204746, "Mode": 0.0070613645005204746, "Quantile": 0.008599522555447112, "Quantile_05": 0.012061364500520476}, "V_1_S_1": {"Mean": 0.003782669484789174, "Mode": 0.0037826694847891743, "Quantile": 0.005320827539715812, "Quantile_05": 0.008782669484789176}, "V_8_S_0.5": {"Mean": 0.003181096060741965, "Mode": 0.0031810960607419653, "Quantile": 0.004719254115668602, "Quantile_05": 0.008181096060741966}, "V_4_S_16": {"Mean": 0.005668954425358896, "Mode": 0.005668954425358896, "Quantile": 0.0072071124802855335, "Quantile_05": 0.010668954425358897}, "V_1_S_16": {"Mean": 0.004104866095183838, "Mode": 0.004104866095183838, "Quantile": 0.005643024150110475, "Quantile_05": 0.00910486609518384}, "V_0.5_S_16": {"Mean": 0.003941972300124508, "Mode": 0.003941972300124508, "Quantile": 0.005480130355051145, "Quantile_05": 0.008941972300124508}}