{"V_4_S_1": {"Mean": 0.003440755408661794, "Mode": 0.005315104554349047, "Quantile": 0.005640636889690045, "Quantile_05": 0.008544954588537441}, "V_0.5_S_16": {"Mean": 0.004495859659512589, "Mode": 0.003941972300124508, "Quantile": 0.006586941988356058, "Quantile_05": 0.00948422240781282}, "V_1_S_full": {"Mean": 0.004539800980674684, "Mode": 0.006414150126361938, "Quantile": 0.006739682461702932, "Quantile_05": 0.009644000160550326}, "V_4_S_16": {"Mean": 0.0026053395816780407, "Mode": 0.005668954425358896, "Quantile": 0.004666239692369949, "Quantile_05": 0.007729240663929618}}