{"V_0.5_S_0.5": {"Luminance": 1.1103654180507152, "C_t": 0.030201546264835226}, "V_1_S_0.5": {"Luminance": 1.272825260969118, "C_t": 0.02575921837939446}, "V_2_S_0.5": {"Luminance": 1.2432766550280423, "C_t": 0.026475272934401876}, "V_4_S_0.5": {"Luminance": 1.117061446462118, "C_t": 0.029991184942161273}, "V_8_S_0.5": {"Luminance": 1.573699621165324, "C_t": 0.020090750890679434}, "V_0.5_S_1": {"Luminance": 1.0574221910365014, "C_t": 0.032086455891886384}, "V_1_S_1": {"Luminance": 1.5545875703364622, "C_t": 0.020869328584233078}, "V_2_S_1": {"Luminance": 1.7596614749235442, "C_t": 0.018156596521931825}, "V_4_S_1": {"Luminance": 1.7494385379695707, "C_t": 0.0182760240756019}, "V_8_S_1": {"Luminance": 1.7190488006310891, "C_t": 0.018639876433264216}, "V_0.5_S_16": {"Luminance": 1.512873257730805, "C_t": 0.020976793745797914}, "V_1_S_16": {"Luminance": 1.7254614824645729, "C_t": 0.017982948949374414}, "V_2_S_16": {"Luminance": 2.017669226024523, "C_t": 0.014963736841889667}, "V_4_S_16": {"Luminance": 2.04075474135783, "C_t": 0.014764759315901887}, "V_8_S_16": {"Luminance": 2.465365872769153, "C_t": 0.011816100129342871}, "V_0.5_S_full": {"Luminance": 2.137406380931881, "C_t": 0.012141494035113611}, "V_1_S_full": {"Luminance": 2.298693489786757, "C_t": 0.01105202386173763}, "V_2_S_full": {"Luminance": 2.1133756936134613, "C_t": 0.012320091464528744}, "V_4_S_full": {"Luminance": 2.648552515012802, "C_t": 0.00920040878814161}, "V_8_S_full": {"Luminance": 3.729981007925287, "C_t": 0.005899690871536892}}