{"V_0.5_S_0.5": [0.06549999999999996, 0.067], "V_0.5_S_1": [0.06850000000000002, 0.07350000000000002], "V_0.5_S_16": [0.07999999999999993, 0.091], "V_0.5_S_full": [0.09749999999999999, 0.09950000000000005], "V_1_S_0.5": [0.06450000000000004, 0.07950000000000002], "V_1_S_1": [0.08850000000000002, 0.08449999999999984], "V_1_S_16": [0.08899999999999988, 0.09300000000000005], "V_1_S_full": [0.10700000000000008, 0.09650000000000002], "V_2_S_0.5": [0.06800000000000002, 0.07400000000000002], "V_2_S_1": [0.09200000000000005, 0.09150000000000007], "V_2_S_16": [0.09650000000000004, 0.09900000000000003], "V_2_S_full": [0.09649999999999996, 0.09950000000000005], "V_4_S_0.5": [0.05999999999999994, 0.07300000000000002], "V_4_S_1": [0.08999999999999983, 0.09299999999999987], "V_4_S_16": [0.09700000000000002, 0.0995], "V_4_S_full": [0.10850000000000003, 0.10800000000000001], "V_8_S_0.5": [0.08499999999999985, 0.07749999999999996], "V_8_S_1": [0.08850000000000006, 0.09299999999999999], "V_8_S_16": [0.10500000000000002, 0.10850000000000001], "V_8_S_full": [0.12600000000000006, 0.124]}