{"V_2_S_full": [0.1295493205967381], "V_4_S_full": [0.12765754636484639], "V_2_S_16": [0.12602523788547257], "V_4_S_16": [0.1221162809931711], "V_8_S_0.5": [0.11259871077392915], "V_2_S_1": [0.10975837236129125], "V_4_S_1": [0.11960557722605879], "V_8_S_16": [0.13403642363550763], "V_8_S_1": [0.1027941305210011], "V_0.5_S_16": [0.11814547633625866], "V_2_S_0.5": [0.10808510759196795], "V_8_S_full": [0.12703580031295367], "V_0.5_S_1": [0.0939163459118781], "V_0.5_S_full": [0.11814214804343691], "V_4_S_0.5": [0.09111763833462362], "V_0.5_S_0.5": [0.09660073024197892]}