{"V_2_S_full": [0.09714659295291486], "V_0.5_S_16": [0.045798600278841646], "V_4_S_full": [0.08286712916831761], "V_2_S_0.5": [0.050441799199546396], "V_2_S_16": [0.07497432068947663], "V_8_S_0.5": [0.06106866566984559], "V_0.5_S_full": [0.09399999999999992], "V_8_S_full": [0.11733804019269797], "V_2_S_1": [0.09002729452455227], "V_4_S_1": [0.10825405958427863], "V_4_S_0.5": [0.0665621994033159], "V_8_S_16": [0.09349999999999992], "V_4_S_16": [0.08601686156251209], "V_8_S_1": [0.07809878311729529], "V_0.5_S_0.5": [0.05099999999999988], "V_0.5_S_1": [0.062082656168066144]}