{"V_2_S_full": [0.09714659295291486], "V_0.5_S_16": [0.045798600278841646], "V_4_S_full": [0.08286712916831761], "V_2_S_0.5": [0.050441799199546396], "V_2_S_16": [0.07497432068947663], "V_8_S_0.5": [0.06106866566984559], "V_0.5_S_full": [0.09399999999999992], "V_8_S_full": [0.11733804019269797], "V_2_S_1": [0.09002729452455227], "V_4_S_1": [0.10825405958427863], "V_4_S_0.5": [0.0665621994033159], "V_8_S_16": [0.09349999999999992], "V_4_S_16": [0.08601686156251209], "V_8_S_1": [0.07809878311729529], "V_0.5_S_0.5": [0.05099999999999988], "V_0.5_S_1": [0.062082656168066144], "V_10_S_full": [0.12448525554752321], "V_14_S_1": [0.055000000000000014], "V_16_S_16": [0.11250000000000006], "V_10_S_16": [0.11603130758535743], "V_14_S_16": [0.11750000000000006], "V_12_S_full": [0.11900000000000006], "V_12_S_16": [0.12748522676281931], "V_10_S_1": [0.11281825321272894], "V_10_S_0.5": [0.06700000000000002], "V_12_S_0.5": [0.055000000000000014], "V_12_S_1": [0.10248035037508998], "V_16_S_1": [0.05050000000000001], "V_14_S_full": [0.13587174698660656], "V_14_S_0.5": [0.054934807786435086], "V_16_S_0.5": [0.07303497433095832], "V_16_S_full": [0.11803911471198926]}