{"V_2_S_0.5": [0.07847657300953802], "V_8_S_0.5": [0.07862551641201615], "V_0.5_S_16": [0.09908493561015921], "V_8_S_full": [0.12774350482194322], "V_4_S_16": [0.099259279964965], "V_2_S_16": [0.10758986678099308], "V_2_S_1": [0.10431913809557279], "V_8_S_16": [0.11145373009055744], "V_4_S_full": [0.10144169863447025], "V_2_S_full": [0.09715915273771616], "V_0.5_S_full": [0.11292572762032357], "V_4_S_1": [0.09467667167516391], "V_0.5_S_0.5": [0.07802175640750983], "V_8_S_1": [0.08286461705571324], "V_0.5_S_1": [0.0878180456942651], "V_4_S_0.5": [0.06880347241658259]}