Color,Luminance
0.0,
1.0,395.542
0.5,86.386
0.25,18.848
0.125,4.008
0.0625,0.555
0.09375,1.949
0.078125,1.325
0.0703125,1.066
