Color,Luminance
0.0,
1.0,397.274
0.5,86.889
0.25,18.864
0.125,4.21
0.1875,10.251
0.15625,6.489
0.140625,5.251
0.1328125,4.51
0.13671875,4.936
