Color,Luminance
0.0,0.084
1.0,226.39
0.5,82.716
0.25,19.378
0.125,4.048
0.0625,0.792
0.09375,2.008
0.078125,1.219
0.0703125,1.063
