Color,Luminance
0.0,0.045
1.0,394.984
0.5,86.16
0.25,18.923
0.375,45.38
0.3125,30.747
0.28125,24.292
0.265625,21.486
0.2578125,19.933
