Color,Luminance
0.0,
1.0,395.495
0.5,86.198
0.75,214.939
0.625,142.335
0.5625,112.152
0.53125,98.383
0.546875,104.869
0.5390625,101.852
0.53515625,100.364
