Color,Luminance
0.0,0.111
1.0,396.474
0.5,86.755
0.25,19.179
0.375,46.097
0.3125,30.586
0.28125,24.59
0.265625,21.453
0.2578125,20.032
