Color,Luminance
0.0,0.032
1.0,395.696
0.5,86.515
0.25,19.27
0.125,3.753
0.1875,10.281
0.15625,6.54
0.171875,7.93
