Color,Luminance
0.0,0.051
1.0,396.394
0.5,86.37
0.25,19.008
0.125,3.735
0.0625,0.715
0.09375,2.142
0.078125,1.246
0.0703125,0.865
0.07421875,1.02
