Color,Luminance
0.0,
1.0,396.115
0.5,86.38
0.75,215.652
0.625,143.004
0.5625,112.893
0.53125,98.643
0.546875,105.119
0.5390625,102.36
0.53515625,100.722
