Color,Luminance
0.0,0.011
1.0,224.955
0.5,82.111
0.75,155.657
0.625,123.642
0.5625,104.31
0.53125,92.86
0.546875,98.582
0.5546875,102.032
0.55078125,100.076
