Color,Luminance
0.0,0.007
1.0,396.367
0.5,86.455
0.25,19.192
0.375,45.745
0.4375,65.214
0.40625,55.266
0.390625,50.427
