Color,Luminance
0.0,
1.0,395.577
0.5,86.27
0.25,19.269
0.125,3.75
0.1875,10.007
0.15625,6.299
0.171875,8.177
