Color,Luminance
0.0,0.093
1.0,394.243
0.5,86.128
0.25,18.899
0.375,45.784
0.4375,64.741
0.40625,54.703
0.390625,50.02
