Color,Luminance
0.0,
1.0,394.629
0.5,86.217
0.25,18.743
0.125,3.766
0.1875,10.081
0.15625,6.436
0.171875,8.178
