Color,Luminance
0.0,0.115
1.0,394.186
0.5,86.435
0.25,19.161
0.125,4.033
0.1875,10.031
0.15625,6.702
0.140625,5.269
0.1484375,5.842
