Color,Luminance
0.0,
1.0,398.488
0.5,87.316
0.25,19.026
0.375,46.51
0.3125,31.117
0.28125,24.794
0.265625,21.962
0.2578125,20.413
