Color,Luminance
0.0,
1.0,397.355
0.5,87.059
0.25,19.198
0.125,3.978
0.1875,10.171
0.15625,6.37
0.171875,8.436
0.1640625,7.495
0.16015625,6.967
