Color,Luminance
0.0,
1.0,394.509
0.5,86.518
0.25,18.857
0.125,3.917
0.0625,0.494
0.09375,1.778
0.109375,2.595
0.1171875,3.596
0.11328125,2.931
