Color,Luminance
0.0,0.146
1.0,224.197
0.5,81.934
0.25,19.45
0.125,4.056
0.0625,0.776
0.09375,2.133
0.109375,3.033
