Color,Luminance
0.0,0.05
1.0,394.943
0.5,85.993
0.25,18.893
0.125,3.776
0.1875,10.125
0.15625,6.572
0.171875,8.086
