Color,Luminance
0.0,0.204
1.0,394.443
0.5,86.144
0.75,214.596
0.625,141.872
0.5625,112.144
0.53125,97.972
0.546875,104.446
0.5390625,101.761
0.53515625,100.342
