Color,Luminance
0.0,0.06
1.0,394.621
0.5,86.162
0.25,19.007
0.125,3.974
0.1875,9.819
0.15625,6.454
0.171875,8.025
0.1640625,7.144
