Color,Luminance
0.0,0.078
1.0,224.499
0.5,82.065
0.25,19.34
0.375,46.027
0.4375,63.923
0.40625,54.721
0.390625,50.06
