Color,Luminance
0.0,
1.0,394.423
0.5,86.186
0.25,19.117
0.125,4.123
0.1875,10.097
0.15625,6.53
0.171875,8.261
0.1640625,7.381
0.16015625,7.047
