Color,Luminance
0.0,
1.0,395.396
0.5,86.499
0.25,18.851
0.125,3.938
0.0625,0.901
0.09375,2.081
0.109375,2.978
