Color,Luminance
0.0,
1.0,397.142
0.5,86.958
0.25,19.129
0.125,4.116
0.1875,9.995
0.15625,6.518
0.140625,5.376
0.1484375,5.75
0.15234375,6.122
