Color,Luminance
0.0,
1.0,223.942
0.5,81.765
0.25,19.382
0.125,3.965
0.1875,10.332
0.15625,6.566
0.140625,5.175
