Color,Luminance
0.0,
1.0,395.887
0.5,86.366
0.25,19.113
0.375,45.685
0.4375,65.211
0.40625,54.89
0.390625,50.111
