Color,Luminance
0.0,
1.0,371.913
0.5,87.964
0.75,215.937
0.625,145.369
0.5625,114.957
0.53125,101.019
0.515625,94.032
0.5234375,97.379
0.52734375,100.039
