Color,Luminance
0.0,
1.0,395.107
0.5,86.136
0.25,18.841
0.125,4.173
0.1875,10.003
0.15625,6.527
0.171875,8.199
0.1796875,9.094
