Color,Luminance
0.0,0.089
1.0,369.341
0.5,87.311
0.25,19.203
0.125,4.077
0.1875,10.108
0.15625,6.576
0.140625,5.534
0.1484375,5.744
0.15234375,6.109
