Color,Luminance
0.0,0.153
1.0,394.881
0.5,86.462
0.25,19.21
0.125,3.851
0.1875,9.973
0.15625,6.342
0.140625,5.136
