Color,Luminance
0.0,0.006
1.0,396.103
0.5,86.329
0.25,19.075
0.125,3.946
0.0625,0.643
0.09375,1.667
0.109375,2.823
0.1171875,3.18
0.11328125,2.902
