Color,Luminance
0.0,
1.0,224.328
0.5,81.735
0.25,19.242
0.125,4.226
0.1875,10.03
0.15625,6.701
0.171875,8.263
0.1640625,7.297
0.16796875,8.1
