Color,Luminance
0.0,0.101
1.0,395.705
0.5,86.429
0.25,19.076
0.125,3.879
0.1875,9.724
0.15625,6.523
0.171875,8.005
0.1796875,9.025
