Color,Luminance
0.0,0.066
1.0,224.266
0.5,81.965
0.25,19.263
0.375,45.936
0.3125,31.141
0.28125,24.841
0.265625,21.751
0.2578125,20.32
