Color,Luminance
0.0,
1.0,397.081
0.5,86.889
0.25,19.14
0.125,4.018
0.1875,10.069
0.15625,6.644
0.171875,8.077
