Color,Luminance
0.0,
1.0,394.381
0.5,86.392
0.25,18.942
0.125,3.756
0.0625,0.793
0.09375,1.926
0.078125,1.159
0.0703125,0.942
