Color,Luminance
0.0,
1.0,394.404
0.5,86.092
0.25,18.876
0.375,45.606
0.3125,30.786
0.28125,24.341
0.265625,21.849
0.2578125,20.104
