Color,Luminance
0.0,
1.0,395.815
0.5,86.468
0.25,18.953
0.375,46.008
0.3125,30.612
0.28125,24.452
0.265625,21.752
0.2578125,20.001
