Color,Luminance
0.0,
1.0,223.892
0.5,81.833
0.25,19.09
0.125,4.079
0.1875,10.317
0.15625,6.752
0.171875,8.196
0.1796875,9.348
0.17578125,8.907
