Color,Luminance
0.0,0.065
1.0,396.342
0.5,86.722
0.25,18.996
0.125,3.896
0.1875,9.876
0.15625,6.573
0.171875,8.098
0.1796875,9.15
