Color,Luminance
0.0,
1.0,394.866
0.5,86.156
0.25,19.087
0.375,45.382
0.4375,65.218
0.40625,54.927
0.390625,50.017
