Color,Luminance
0.0,
1.0,219.331
0.5,46.678
0.25,9.412
0.375,24.004
0.3125,16.013
0.28125,12.435
0.265625,10.728
0.2578125,10.189
