Color,Luminance
0.0,0.009
1.0,397.54
0.5,87.102
0.25,18.873
0.125,4.221
0.1875,10.038
0.15625,6.382
0.171875,8.026
0.1796875,9.337
0.17578125,8.873
