Color,Luminance
0.0,0.094
1.0,395.768
0.5,86.594
0.25,19.304
0.125,3.994
0.0625,0.769
0.09375,1.892
0.109375,2.74
0.1171875,3.148
0.11328125,2.921
