Color,Luminance
0.0,
1.0,371.223
0.5,87.885
0.25,19.392
0.375,46.618
0.4375,66.802
0.40625,56.231
0.390625,51.458
0.3828125,48.959
0.38671875,49.897
