Color,Luminance
0.0,
1.0,394.489
0.5,86.45
0.25,18.99
0.125,3.946
0.1875,9.787
0.15625,6.593
0.140625,5.176
