Color,Luminance
0.0,0.139
1.0,224.231
0.5,81.917
0.25,19.149
0.125,4.042
0.1875,10.344
0.15625,6.534
0.140625,5.146
0.1484375,5.779
0.15234375,6.046
