Color,Luminance
0.0,0.011
1.0,398.424
0.5,87.249
0.25,19.119
0.375,46.18
0.4375,65.762
0.40625,55.743
0.390625,50.925
