Color,Luminance
0.0,
1.0,394.798
0.5,86.437
0.25,19.292
0.125,3.854
0.1875,9.993
0.15625,6.53
0.140625,5.069
0.1484375,5.941
