Color,Luminance
0.0,
1.0,369.634
0.5,87.368
0.25,19.173
0.125,3.999
0.1875,10.132
0.15625,6.706
0.171875,7.855
0.1796875,9.404
0.17578125,8.919
