{"L_1_S_0.5": 0.0615234375, "L_2_S_0.5": 0.0961761474609375, "L_3_S_0.5": 0.10888671875, "L_4_S_0.5": 0.125, "L_5_S_0.5": 0.140625, "L_6_S_0.5": 0.1484375, "L_7_S_0.5": 0.16015625, "L_8_S_0.5": 0.171875, "L_9_S_0.5": 0.177734375, "L_10_S_0.5": 0.1875, "L_20_S_0.5": 0.2578125, "L_50_S_0.5": 0.390625, "L_100_S_0.5": 0.53515625, "L_1_S_1": 0.0703125, "L_2_S_1": 0.138671875, "L_3_S_1": 0.11328125, "L_4_S_1": 0.125, "L_5_S_1": 0.140625, "L_6_S_1": 0.1484375, "L_7_S_1": 0.1640625, "L_8_S_1": 0.171875, "L_9_S_1": 0.1796875, "L_10_S_1": 0.1875, "L_20_S_1": 0.2578125, "L_50_S_1": 0.390625, "L_100_S_1": 0.53515625, "L_1_S_2": 0.0703125, "L_2_S_2": 0.09619140625, "L_3_S_2": 0.109375, "L_4_S_2": 0.126953125, "L_5_S_2": 0.138671875, "L_6_S_2": 0.1513671875, "L_7_S_2": 0.16259765625, "L_8_S_2": 0.171875, "L_9_S_2": 0.1796875, "L_10_S_2": 0.1875, "L_20_S_2": 0.2578125, "L_50_S_2": 0.390625, "L_100_S_2": 0.53515625, "L_1_S_4": 0.07421875, "L_2_S_4": 0.0966796875, "L_3_S_4": 0.11328125, "L_4_S_4": 0.126953125, "L_5_S_4": 0.13916015625, "L_6_S_4": 0.1513671875, "L_7_S_4": 0.162109375, "L_8_S_4": 0.171875, "L_9_S_4": 0.1796875, "L_10_S_4": 0.1875, "L_20_S_4": 0.2578125, "L_50_S_4": 0.390625, "L_100_S_4": 0.53125, "L_1_S_8": 0.0693359375, "L_2_S_8": 0.0966796875, "L_3_S_8": 0.11328125, "L_4_S_8": 0.125, "L_5_S_8": 0.13671875, "L_6_S_8": 0.15234375, "L_7_S_8": 0.16015625, "L_8_S_8": 0.171875, "L_9_S_8": 0.17578125, "L_10_S_8": 0.1875, "L_20_S_8": 0.2578125, "L_50_S_8": 0.390625, "L_100_S_8": 0.53125, "L_1_S_16": 0.0732421875, "L_2_S_16": 0.09375, "L_3_S_16": 0.1083984375, "L_4_S_16": 0.1240234375, "L_5_S_16": 0.138671875, "L_6_S_16": 0.15234375, "L_7_S_16": 0.162109375, "L_8_S_16": 0.17041015625, "L_9_S_16": 0.17578125, "L_10_S_16": 0.2578125, "L_20_S_16": 0.25, "L_50_S_16": 0.38671875, "L_100_S_16": 0.52734375, "L_1_S_32": 0.0703125, "L_2_S_32": 0.0958251953125, "L_3_S_32": 0.109375, "L_4_S_32": 0.125, "L_5_S_32": 0.140625, "L_6_S_32": 0.15234375, "L_7_S_32": 0.162109375, "L_8_S_32": 0.16796875, "L_9_S_32": 0.17578125, "L_10_S_32": 0.1875, "L_20_S_32": 0.2578125, "L_50_S_32": 0.390625, "L_100_S_32": 0.55078125}