Color,Luminance
0.0,
1.0,220.129
0.5,48.271
0.25,10.602
0.125,1.881
0.1875,5.194
0.15625,3.289
0.140625,2.542
0.1328125,2.139
0.12890625,1.975
