Color,Luminance
0.0,
1.0,235.364
0.5,48.763
0.75,123.843
0.625,82.56
0.6875,101.68
0.65625,91.882
0.671875,96.285
0.6796875,99.457
