Color,Luminance
0.0,
1.0,220.025
0.5,48.205
0.25,10.587
0.125,1.874
0.1875,5.185
0.21875,7.544
0.234375,8.91
0.2421875,9.433
0.24609375,9.954
