Color,Luminance
0.0,
1.0,236.396
0.5,49.219
0.25,10.858
0.375,26.495
0.3125,17.296
0.34375,21.814
0.328125,19.118
0.3359375,20.529
0.33203125,19.956
