Color,Luminance
0.0,0.01
1.0,239.771
0.5,50.167
0.25,11.126
0.125,2.014
0.1875,5.473
0.15625,3.487
0.171875,4.498
0.1796875,5.031
