Color,Luminance
0.0,
1.0,235.274
0.5,48.901
0.75,123.951
0.625,82.651
0.5625,64.639
0.53125,56.714
0.515625,53.052
0.5078125,50.712
