Color,Luminance
0.0,0.007
1.0,219.967
0.5,48.141
0.25,10.563
0.375,25.906
0.3125,16.92
0.34375,21.375
0.328125,18.734
0.3359375,20.139
