Color,Luminance
0.0,0.005
1.0,237.858
0.5,49.586
0.25,10.967
0.125,1.971
0.1875,5.381
0.21875,7.802
0.234375,9.175
0.2421875,9.707
