Color,Luminance
0.0,
1.0,219.882
0.5,48.15
0.75,121.351
0.625,81.544
0.5625,63.814
0.53125,56.036
0.515625,52.467
0.5078125,50.147
