{"L_1_S_4": 0.09375, "L_2_S_4": 0.125, "L_5_S_4": 0.1796875, "L_10_S_4": 0.2421875, "L_20_S_4": 0.33203125, "L_50_S_4": 0.5078125, "L_100_S_4": 0.6796875, "L_1_S_16": 0.09375, "L_2_S_16": 0.12890625, "L_5_S_16": 0.1875, "L_10_S_16": 0.24609375, "L_20_S_16": 0.3359375, "L_50_S_16": 0.5078125, "L_100_S_16": 0.6875}