{"V_12_S_16": {"Mean": 0.008478147362280192, "Mode": 0.008554860289015509, "Quantile": 0.010639119099169878, "Quantile_05": 0.013504125050710079}, "V_10_S_16": {"Mean": 0.00908297926698522, "Mode": 0.006379187037954463, "Quantile": 0.011048697972209282, "Quantile_05": 0.01400502844513921}, "V_14_S_full": {"Mean": 0.010938346253906002, "Mode": 0.01586583198334076, "Quantile": 0.012828175802721005, "Quantile_05": 0.01597268772784312}, "V_12_S_full": {"Mean": 0.0077127712830354226, "Mode": 0.006379187037954463, "Quantile": 0.009774673155137737, "Quantile_05": 0.012669172409417926}, "V_16_S_0.5": {"Mean": -0.007275747817746945, "Mode": -0.009159511102590796, "Quantile": -0.005182469498926905, "Quantile_05": -0.0023396781448276564}, "V_12_S_0.5": {"Mean": -0.00033949171815014344, "Mode": 0.0021089236575861417, "Quantile": 0.00184899967464267, "Quantile_05": 0.004786337819443098}, "V_16_S_full": {"Mean": 0.016162538867615008, "Mode": 0.01851741059079407, "Quantile": 0.01826364682714563, "Quantile_05": 0.02127571553697904}, "V_12_S_1": {"Mean": 0.0038520353645661197, "Mode": 0.002718766005126273, "Quantile": 0.005930241203478778, "Quantile_05": 0.008817083960240921}, "V_14_S_0.5": {"Mean": -0.0002611539152955764, "Mode": 0.002187261460440707, "Quantile": 0.001927337477497232, "Quantile_05": 0.004864675622297664}, "V_14_S_1": {"Mean": 0.0016853185381518784, "Mode": 0.0017620314648871941, "Quantile": 0.0038462902750415633, "Quantile_05": 0.006711296226581764}, "V_10_S_0.5": {"Mean": 0.00237458146599296, "Mode": 0.00364503603353043, "Quantile": 0.004592280895043995, "Quantile_05": 0.0074611570409501785}, "V_14_S_16": {"Mean": 0.010880492887764676, "Mode": 0.0158142756429728, "Quantile": 0.012769358137038327, "Quantile_05": 0.01591409619952214}, "V_10_S_full": {"Mean": 0.011688457332588394, "Mode": 0.007733770574271871, "Quantile": 0.013592653455185707, "Quantile_05": 0.01663505511218267}, "V_16_S_16": {"Mean": 0.014051038808183453, "Mode": 0.01633049422285031, "Quantile": 0.01616486614163662, "Quantile_05": 0.019162551213522}, "V_16_S_1": {"Mean": 0.00025834470535347005, "Mode": 0.0015287992728909392, "Quantile": 0.0024760441344045077, "Quantile_05": 0.00534492028031069}, "V_10_S_1": {"Mean": 0.008436155196149965, "Mode": 0.013160150292214817, "Quantile": 0.010325619928438796, "Quantile_05": 0.013488559746533287}}