{"V_12_S_16": {"Mean": 0.008478147362280192, "Mode": 0.008554860289015509, "Quantile": 0.010639119099169878, "Quantile_05": 0.013504125050710079}, "V_10_S_16": {"Mean": 0.00908297926698522, "Mode": 0.006379187037954463, "Quantile": 0.011048697972209282, "Quantile_05": 0.01400502844513921}, "V_14_S_full": {"Mean": 0.010938346253906002, "Mode": 0.01586583198334076, "Quantile": 0.012828175802721005, "Quantile_05": 0.01597268772784312}, "V_12_S_full": {"Mean": 0.0077127712830354226, "Mode": 0.006379187037954463, "Quantile": 0.009774673155137737, "Quantile_05": 0.012669172409417926}, "V_16_S_0.5": {"Mean": -0.007275747817746945, "Mode": -0.009159511102590796, "Quantile": -0.005182469498926905, "Quantile_05": -0.0023396781448276564}, "V_12_S_0.5": {"Mean": -0.00033949171815014344, "Mode": 0.0021089236575861417, "Quantile": 0.00184899967464267, "Quantile_05": 0.004786337819443098}}