Color,Luminance
0.0,
1.0,393.165
0.5,85.608
0.25,19.137
0.125,3.897
0.1875,9.861
0.15625,6.528
0.140625,5.22
0.1328125,4.452
0.12890625,4.053
