Color,Luminance
0.0,0.068
1.0,220.448
0.5,80.356
0.25,19.023
0.125,3.851
0.0625,0.831
0.09375,1.714
0.109375,2.955
