Color,Luminance
0.0,
1.0,392.4
0.5,85.414
0.25,18.721
0.125,3.887
0.1875,9.856
0.15625,6.47
0.140625,5.026
0.1328125,4.322
0.12890625,3.906
