Color,Luminance
0.0,0.105
1.0,393.278
0.5,85.809
0.25,18.839
0.125,3.96
0.0625,0.726
0.09375,1.88
0.109375,2.907
