Color,Luminance
0.0,0.104
1.0,392.879
0.5,85.28
0.25,18.842
0.125,4.029
0.0625,0.681
0.09375,1.953
0.109375,2.977
