Color,Luminance
0.0,
1.0,393.092
0.5,85.717
0.25,18.828
0.125,3.971
0.0625,0.693
0.09375,1.745
0.109375,2.865
0.1015625,2.332
0.09765625,1.975
