Color,Luminance
0.0,0.052
1.0,393.457
0.5,86.049
0.25,18.974
0.125,3.814
0.0625,0.524
0.09375,1.918
0.109375,2.975
