Color,Luminance
0.0,
1.0,364.326
0.5,85.969
0.25,18.663
0.125,4.1
0.0625,0.557
0.09375,1.567
0.109375,2.891
0.1171875,3.305
0.11328125,3.042
