Color,Luminance
0.0,
1.0,393.242
0.5,85.56
0.25,18.85
0.125,4.159
0.0625,0.836
0.09375,1.889
0.109375,2.96
