Color,Luminance
0.0,0.037
1.0,392.868
0.5,85.742
0.25,18.739
0.125,4.097
0.0625,0.779
0.09375,1.723
0.109375,2.983
