{"L_2_S_0.5": 0.095703125, "L_3_S_0.5": 0.109375, "L_4_S_0.5": 0.12890625, "L_2_S_1": 0.09375, "L_3_S_1": 0.109375, "L_4_S_1": 0.125, "L_2_S_2": 0.09375, "L_3_S_2": 0.109375, "L_4_S_2": 0.125, "L_2_S_4": 0.09765625, "L_3_S_4": 0.109375, "L_4_S_4": 0.12890625, "L_2_S_8": 0.09375, "L_3_S_8": 0.109375, "L_4_S_8": 0.125, "L_2_S_16": 0.09619140625, "L_3_S_16": 0.11328125, "L_4_S_16": 0.126953125, "L_2_S_32": 0.09375, "L_3_S_32": 0.109375, "L_4_S_32": 0.125}