Color,Luminance
0.0,0.01
1.0,231.763
0.5,47.176
0.25,10.052
0.125,1.738
0.1875,4.916
0.15625,3.092
0.171875,4.036
