Color,Luminance
0.0,
1.0,218.048
0.5,47.204
0.25,10.103
0.125,1.75
0.1875,4.957
0.21875,7.175
0.203125,6.198
