Color,Luminance
0.0,
1.0,218.576
0.5,47.367
0.25,10.149
0.125,1.759
0.1875,4.973
0.21875,7.201
0.234375,8.646
0.2265625,8.036
