Color,Luminance
0.0,
1.0,230.28
0.5,46.847
0.25,9.972
0.125,1.709
0.1875,4.86
0.21875,7.048
0.234375,8.458
0.2421875,8.978
