Color,Luminance
0.0,
1.0,230.272
0.5,46.853
0.75,119.758
0.625,79.935
0.5625,62.368
0.53125,54.238
0.515625,50.999
