Color,Luminance
0.0,
1.0,217.272
0.5,46.991
0.25,10.032
0.125,1.737
0.1875,4.92
0.15625,3.105
0.171875,4.052
