Color,Luminance
0.0,0.007
1.0,232.834
0.5,47.429
0.25,10.123
0.125,1.741
0.1875,4.953
0.15625,3.126
0.140625,2.387
0.1328125,1.978
