Color,Luminance
0.0,
1.0,231.011
0.5,47.021
0.75,120.005
0.625,80.104
0.6875,98.886
0.71875,108.294
0.703125,103.706
0.6953125,101.136
0.69140625,100.826
