Color,Luminance
0.0,0.011
1.0,230.903
0.5,46.979
0.25,9.992
0.375,25.232
0.3125,16.297
0.34375,20.599
0.328125,18.035
0.3359375,19.389
0.33984375,19.991
