Color,Luminance
0.0,
1.0,217.452
0.5,46.881
0.25,9.993
0.125,1.714
0.0625,0.383
0.09375,0.81
0.109375,1.145
0.1015625,1.022
