Color,Luminance
0.0,
1.0,219.051
0.5,47.52
0.25,10.194
0.375,25.665
0.3125,16.613
0.34375,21.016
0.328125,18.421
0.3359375,19.818
