Color,Luminance
0.0,0.006
1.0,231.273
0.5,47.064
0.25,10.027
0.125,1.717
0.1875,4.9
0.21875,7.077
0.203125,6.102
