Color,Luminance
0.0,
1.0,230.639
0.5,46.92
0.25,9.985
0.125,1.709
0.1875,4.881
0.21875,7.047
0.234375,8.479
0.2265625,7.861
