Color,Luminance
0.0,
1.0,233.974
0.5,47.711
0.25,10.197
0.125,1.772
0.0625,0.401
0.09375,0.831
0.109375,1.184
0.1015625,1.054
