Color,Luminance
0.0,
1.0,219.287
0.5,47.605
0.75,120.109
0.625,80.98
0.5625,63.364
0.53125,55.162
0.515625,51.896
0.5078125,49.745
