Color,Luminance
0.0,
1.0,218.568
0.5,47.393
0.25,10.141
0.125,1.75
0.1875,4.975
0.21875,7.199
0.234375,8.64
0.2421875,9.177
