Color,Luminance
0.0,
1.0,216.409
0.5,46.736
0.25,9.968
0.125,1.708
0.1875,4.877
0.15625,3.066
0.140625,2.354
0.1328125,1.947
