{"L_1_S_4": 0.1015625, "L_2_S_4": 0.1328125, "L_3_S_4": 0.15625, "L_4_S_4": 0.171875, "L_5_S_4": 0.1875, "L_6_S_4": 0.203125, "L_7_S_4": 0.21875, "L_8_S_4": 0.2265625, "L_9_S_4": 0.2421875, "L_10_S_4": 0.25, "L_20_S_4": 0.33984375, "L_50_S_4": 0.515625, "L_100_S_4": 0.69140625, "L_1_S_16": 0.1015625, "L_2_S_16": 0.1328125, "L_3_S_16": 0.15625, "L_4_S_16": 0.171875, "L_5_S_16": 0.1875, "L_6_S_16": 0.203125, "L_7_S_16": 0.21875, "L_8_S_16": 0.2265625, "L_9_S_16": 0.2421875, "L_10_S_16": 0.25, "L_20_S_16": 0.3359375, "L_50_S_16": 0.5078125, "L_100_S_16": 0.6875}