{"V_0.5_S_1": {"Mean": 0.00014223677074495745, "Mode": 0.0037532714958969306, "Quantile": 0.0021735629405142225, "Quantile_05": 0.005265333679944478}, "V_2_S_full": {"Mean": 0.006201802970152014, "Mode": 0.003499896144492282, "Quantile": 0.00816742480570696, "Quantile_05": 0.01112385526017102}, "V_4_S_1": {"Mean": 0.0030063945338392032, "Mode": 0.0030162913729912984, "Quantile": 0.005162837055882311, "Quantile_05": 0.008028749695445512}, "V_0.5_S_16": {"Mean": 0.0023143795112987573, "Mode": 0.004762794887035041, "Quantile": 0.004502870904091572, "Quantile_05": 0.007440209048892}, "V_8_S_full": {"Mean": 0.006473107579157996, "Mode": 0.005339838219718152, "Quantile": 0.00855131341807065, "Quantile_05": 0.011438156174832795}, "V_2_S_1": {"Mean": 0.0029158032364754076, "Mode": 0.001443413181925641, "Quantile": 0.004966961680258975, "Quantile_05": 0.007866652872729186}, "V_8_S_16": {"Mean": 0.0063306200730140144, "Mode": 0.00640733299974933, "Quantile": 0.008491591809903701, "Quantile_05": 0.0113565977614439}, "V_8_S_1": {"Mean": 0.007033891647656198, "Mode": 0.005900622288216355, "Quantile": 0.009112097486568854, "Quantile_05": 0.011998940243330997}, "V_8_S_0.5": {"Mean": 0.003107089344914037, "Mode": 0.004377543912451507, "Quantile": 0.005324788773965072, "Quantile_05": 0.008193664919871255}, "V_4_S_0.5": {"Mean": 0.002118710302300093, "Mode": 0.0009854409428602486, "Quantile": 0.00419691614121275, "Quantile_05": 0.007083758897974893}, "V_2_S_0.5": {"Mean": 0.0022465705067992526, "Mode": 0.002323283433534568, "Quantile": 0.0044075422436889375, "Quantile_05": 0.007272548195229139}, "V_4_S_full": {"Mean": 0.005199855732321949, "Mode": 0.0064703102998594185, "Quantile": 0.007417555161372984, "Quantile_05": 0.010286431307279166}, "V_0.5_S_full": {"Mean": 0.004499708067339635, "Mode": 0.004576420994074952, "Quantile": 0.0066606798042293195, "Quantile_05": 0.00952568575576952}, "V_0.5_S_0.5": {"Mean": 0.0014520863461556129, "Mode": 0.0015287992728909307, "Quantile": 0.0036130580830452965, "Quantile_05": 0.006478064034585498}, "V_4_S_16": {"Mean": 0.008171534818478954, "Mode": 0.004362341203667782, "Quantile": 0.010081204050676897, "Quantile_05": 0.01311173641776562}, "V_2_S_16": {"Mean": 0.0038760412395106676, "Mode": 0.003952754166245985, "Quantile": 0.006037012976400354, "Quantile_05": 0.008902018927940554}}