{"V_12_S_16": [0.11484095158474515], "V_16_S_1": [0.05250000000000001], "V_10_S_16": [0.10050000000000005], "V_12_S_0.5": [0.06076647256137439], "V_10_S_full": [0.10969273286216126], "V_14_S_1": [0.056000000000000015], "V_10_S_0.5": [0.0779260473719948], "V_12_S_1": [0.06820329832135656], "V_16_S_0.5": [0.04], "V_14_S_full": [0.09673961894175308], "V_10_S_1": [0.07303037270900631], "V_14_S_16": [0.09635220194283331], "V_16_S_16": [0.10015057848266096], "V_14_S_0.5": [0.06178228334527584], "V_12_S_full": [0.10050000000000005], "V_16_S_full": [0.11461216589102599]}