{"size_0.5": {"coefficients": [-26.042472962203686, 103.64207896450488, -166.6638082363242, 139.3748554488552, -65.82274377183319, 19.08063622257279, -0.958778519855678]}, "size_1": {"coefficients": [-35.03396702808304, 134.89819550944992, -209.69096255093416, 169.2212832802695, -76.79008905825526, 21.131121591731983, -1.1258488629093115]}, "size_16": {"coefficients": [-37.93685628709764, 144.84263648744331, -223.20001597849657, 178.38224371351225, -80.06372864121285, 21.739569226730577, -1.1730839401941944]}, "size_full": {"coefficients": [-23.163137846234346, 77.72407302868203, -115.36535963915455, 101.12166735570302, -55.19540556680527, 18.18149200186725, -0.9957343553846287]}, "size_nofull_all": {"coefficients": [-33.004432092438854, 127.79430365372984, -199.8515955885031, 162.32612748083295, -74.22552049042136, 20.650442347010323, -1.085903774319673]}, "color_min": 0.049999999999999996, "color_max": 1.0}