{"size_0.5": {"popt": [24.159314972138276, -74.38642952616769, 88.508889353012, -52.27396875865526, 17.506950373785287, -0.8999450188723389]}, "size_1": {"popt": [27.97299923293432, -85.55364856153344, 100.79319729781723, -58.56342764359257, 19.014100745862333, -1.0467023495736516]}, "size_16": {"popt": [29.057695508299336, -88.77677361752792, 104.28425584258285, -60.32681919766147, 19.447133559306234, -1.0873794038043216]}, "size_full": {"popt": [7.029165466450816, -33.29044892485177, 55.87959736988156, -43.14462437819366, 16.781797652753973, -0.9434056654314429]}}