{"size_0.5": {"coefficients": [-26.04247296222673, 103.64207896457306, -166.66380823640077, 139.37485544889623, -65.82274377184409, 19.08063622257409, -0.9587785198557349]}, "size_1": {"coefficients": [-35.0339670281153, 134.89819550954587, -209.69096255104267, 169.22128328032804, -76.79008905827084, 21.131121591733898, -1.1258488629093948]}, "size_16": {"coefficients": [-37.936856287130915, 144.84263648754242, -223.20001597860883, 178.38224371357288, -80.06372864122902, 21.739569226732574, -1.173083940194282]}, "size_full": {"coefficients": [-23.163137846266856, 77.72407302877966, -115.36535963926617, 101.12166735576388, -55.19540556682149, 18.181492001869184, -0.9957343553847133]}}