{"size_0.5": {"coefficients": [0.014005495247809642, -0.012888188807080677, 0.048258847468924775, 0.07063256221818937, 0.06179361878899669]}, "size_1": {"coefficients": [0.01276122897266812, -0.007705435471292405, 0.0421221962954936, 0.07130739333860812, 0.06692858627205715]}, "size_16": {"coefficients": [0.018332551185097495, -0.029309930647473743, 0.06450562648328782, 0.06651925428775524, 0.06714116548966029]}, "size_full": {"coefficients": [-0.0011365092861004903, 0.10900310303056543, -0.12789666964379146, 0.12429655774219954, 0.07130238832690317]}, "size_nofull_all": {"coefficients": [0.015418411035534282, -0.018915909576059712, 0.05592299867863291, 0.06685675957627799, 0.06546148682643717]}, "Luminance_min": 0.586, "Luminance_max": 407.794}