{"size_0.5": {"popt": [-13.07103395222311, 33.066895014885475, -30.856341725738535, 14.19039963077553, -0.7490020956115288]}, "size_1": {"popt": [-14.559271637558517, 36.59937115327168, -33.764907269402315, 15.1740137443397, -0.8719322337213911]}, "size_16": {"popt": [-15.0294800120042, 37.60121488268643, -34.56669787176564, 15.458141249741924, -0.9058323066161911]}, "size_full": {"popt": [-15.450702159383257, 39.74871979979527, -36.913154467448315, 15.816845460302293, -0.8994887420909575]}}