{"size_0.5": {"coefficients": [0.0006000334255782378, -0.00265516390408437, 0.008886982844788172, -0.02423871584262396, 0.06986553881054904, -0.01796344505361455, 0.07633252580102738, 0.07441664942737947]}, "size_16": {"coefficients": [0.0060144313651609525, -0.04057152910951586, 0.10663119103398443, -0.13356860050863795, 0.11134891239970898, -0.008917361357139997, 0.06997674414730247, 0.07501476179906658]}, "size_full": {"coefficients": [0.01864585398907609, -0.1746698378508912, 0.5690637229129584, -0.7522403939857746, 0.37260626718297485, 0.03898884563472459, 0.03914091908738815, 0.07479910190100628]}, "size_nofull_all": {"coefficients": [0.0010888339157475236, -0.004953314756504699, 0.011503138572788632, -0.02219149770223894, 0.0642870467965473, -0.014445205162989876, 0.07554498477577265, 0.07469160360246864]}, "Luminance_min": 0.495, "Luminance_max": 409.329}