{"size_0.5": {"coefficients": [-14.156763664730358, 10.912679609318422, 79.60177387201935, -181.63076250218123, 166.66483369826094, -79.80515001490197, 22.273740015838335, -1.2504705232897575]}, "size_16": {"coefficients": [2.259480007313178, -51.46296826417467, 175.14878546873285, -257.4014222795513, 199.81462711017454, -87.6826947655296, 23.207911634022068, -1.2967746998527936]}, "size_full": {"coefficients": [83.49029599185941, -345.619118099433, 584.8934396452862, -532.8041809211537, 293.3069302810605, -104.28106069895851, 24.672121658501098, -1.3562855681243915]}, "size_nofull_all": {"coefficients": [-5.948641828764804, -20.275144327223938, 127.37527967008322, -219.51609239065448, 183.23973040413625, -83.74392239019977, 22.740825824928812, -1.2736226115712361]}, "Color_min": 0.049999999999999996, "Color_max": 1.0}