{"size_0.5": {"coefficients": [0.0029039432651198995, -0.00979114428667018, -0.0001640034250617296, 0.07102071093556632, -0.044174507490210596, 0.09672679967264854, 0.06270731360412794]}, "size_1": {"coefficients": [0.002496578891027413, -0.007749853171399749, -0.0018885192376578454, 0.06388647675486613, -0.027544239375324495, 0.08442832831547252, 0.06943164830048053]}, "size_16": {"coefficients": [0.008092462379518888, -0.041223833214850174, 0.06910936126904796, 0.0011872977218750093, -0.008852082806481143, 0.08425158891968575, 0.07050829219748712]}, "size_full": {"coefficients": [-0.04580298093362021, 0.24322985914519085, -0.4131733524600773, 0.30343240060243143, -0.057103839864207105, 0.08315961159450945, 0.0686114045830308]}, "size_nofull_all": {"coefficients": [0.005474068117882175, -0.028562504873450495, 0.05296287775940624, -0.0023113942028614807, 0.005988080544916866, 0.08123443814677649, 0.06718445012897516]}, "Luminance_min": 0.586, "Luminance_max": 407.794}