{"size_0.5": {"coefficients": [0.05646501423401765, -0.056288413112377096, 0.11675304134616861, 0.06143846938347442]}, "size_1": {"coefficients": [0.05342978616744913, -0.0442292763067705, 0.10250994951664076, 0.0697389480317194]}, "size_16": {"coefficients": [0.057153204387434965, -0.05448027592701532, 0.10631058528977373, 0.0722052598781198]}, "size_full": {"coefficients": [0.10408011699667608, -0.12156890354638626, 0.12218697327233562, 0.0711497222761985]}, "size_nofull_all": {"coefficients": [0.055019439603622766, -0.04899965346855129, 0.10571456091698005, 0.06830008202175464]}, "Luminance_min": 0.586, "Luminance_max": 407.794}