{"size_0.5": {"coefficients": [24.15931497213778, -74.38642952616637, 88.50888935301064, -52.27396875865462, 17.50695037378517, -0.8999450188723407]}, "size_1": {"coefficients": [27.972999232933745, -85.55364856153193, 100.7931972978157, -58.56342764359189, 19.014100745862212, -1.0467023495736454]}, "size_16": {"coefficients": [29.057695508298824, -88.77677361752653, 104.2842558425814, -60.326819197660825, 19.44713355930612, -1.0873794038043125]}, "size_full": {"coefficients": [7.029165466450458, -33.29044892485068, 55.87959736988033, -43.14462437819307, 16.781797652753855, -0.9434056654314338]}, "size_nofull_all": {"coefficients": [27.063336571126495, -82.90561723508273, 97.86211416447647, -57.0547385333053, 18.656061559651636, -1.0113422574167883]}, "color_min": 0.049999999999999996, "color_max": 1.0}