{"size_0.5": {"coefficients": [6.783851748784015, -13.941795329425771, 10.379833184230568, -0.5275271851175448]}, "size_1": {"coefficients": [7.323801387974616, -14.924509753020704, 10.929585018119598, -0.6252407023114049]}, "size_16": {"coefficients": [7.380157017916006, -15.117828110987208, 11.076633830199144, -0.6511735892877448]}, "size_full": {"coefficients": [8.680674622110628, -16.91920299538065, 11.312540181981758, -0.6376928588940834]}, "size_nofull_all": {"coefficients": [7.162603384891544, -14.66137773114457, 10.795350677516447, -0.6013138255722329]}}