{"size_0.5": {"coefficients": [-3.9551230945899767, 6.560258571602814, -0.2200742789555301]}, "size_1": {"coefficients": [-4.142964595013948, 6.805997580577205, -0.29331658246462317]}, "size_16": {"coefficients": [-4.2533204671164, 6.921315962604038, -0.3166953596452721]}, "size_full": {"coefficients": [-4.140171931823729, 6.424979893972968, -0.2442734949622054]}}