{"size_0.5": {"coefficients": [0.15165604374324607, -0.06799540359142937, 0.0786021119748811]}, "size_1": {"coefficients": [0.14600570202903954, -0.05228584626955882, 0.07377513022729802]}, "size_16": {"coefficients": [0.14619428096347475, -0.051875404486356906, 0.07293320703670103]}, "size_full": {"coefficients": [0.21187478443692698, -0.12580225347518956, 0.0773508462067274]}, "size_nofull_all": {"coefficients": [0.14773433509255723, -0.05673665783520173, 0.07472574996681319]}, "Luminance_min": 0.586, "Luminance_max": 407.794}