{"size_0.5": {"popt": [6.783851748784017, -13.941795329425787, 10.37983318423058, -0.5275271851175479]}, "size_1": {"popt": [7.323801387974622, -14.924509753020729, 10.92958501811961, -0.6252407023114085]}, "size_16": {"popt": [7.380157017915992, -15.117828110987212, 11.076633830199153, -0.6511735892877446]}, "size_full": {"popt": [8.680674622110635, -16.919202995380676, 11.312540181981774, -0.6376928588940848]}}