{"size_0.5": {"coefficients": [0.011813581864221854, -0.05926824064330146, 0.1427342779320594, -0.07985080539373249, 0.10085575389235424, 0.06315898503710304]}, "size_1": {"coefficients": [0.010245426297794333, -0.04876516454491496, 0.11599598071804279, -0.048474282651974926, 0.08429568119866948, 0.07006484692659147]}, "size_16": {"coefficients": [0.016115686920047303, -0.07685814438895691, 0.15753994065378962, -0.06611020354211847, 0.08094752274898888, 0.07254494273612531]}, "size_full": {"coefficients": [-0.05006499156862153, 0.2674975755605856, -0.3748049985814325, 0.1918026080593794, 0.08064211607486407, 0.06320522427900369]}, "size_nofull_all": {"coefficients": [0.010723651577450146, -0.04883738425124901, 0.11005693973851345, -0.038623658859874045, 0.08086789148085347, 0.06847108880872266]}, "Luminance_min": 0.586, "Luminance_max": 407.794}