{"size_0.5": {"coefficients": [-22.818126943874503, 54.98748904983137, -10.760688157069374, -84.8058220788819, 108.0291616460658, -59.58873295460783, 18.506554350566034, -0.9405890881705032]}, "size_1": {"coefficients": [-7.445889375310272, -8.592702383051554, 97.56689525369555, -182.9795014870134, 158.9927238099241, -74.75583992713455, 20.943790259856, -1.1199133846616993]}, "size_16": {"coefficients": [-4.4531370230124265, -22.12322159673648, 122.51603627805291, -207.22478586069528, 172.26488491680632, -78.84711237642827, 21.62753263210851, -1.1695341294729704]}, "size_full": {"coefficients": [43.892043342044175, -179.02915670858394, 297.7846952394381, -272.8241328836032, 161.416999850111, -67.18690134812087, 19.285773105660393, -1.0307228242392226]}}