{"V_4_S_1": {"Mean": 0.003440755408661794, "Mode": 0.005315104554349047, "Quantile": 0.005640636889690045, "Quantile_05": 0.008544954588537441}, "V_0.5_S_16": {"Mean": 0.004495859659512589, "Mode": 0.003941972300124508, "Quantile": 0.006586941988356058, "Quantile_05": 0.00948422240781282}, "V_1_S_full": {"Mean": 0.004539800980674684, "Mode": 0.006414150126361938, "Quantile": 0.006739682461702932, "Quantile_05": 0.009644000160550326}, "V_4_S_16": {"Mean": 0.0026053395816780407, "Mode": 0.005668954425358896, "Quantile": 0.004666239692369949, "Quantile_05": 0.007729240663929618}, "V_8_S_full": {"Mean": 0.008131212617449717, "Mode": 0.007435634151306432, "Quantile": 0.010212079709223637, "Quantile_05": 0.013112492824521638}, "V_2_S_16": {"Mean": 0.004034782600574895, "Mode": 0.00470346283399017, "Quantile": 0.006198896578179957, "Quantile_05": 0.00908666458302062}, "V_2_S_1": {"Mean": 0.000952560638620318, "Mode": 0.005189510642728195, "Quantile": 0.002912385612714706, "Quantile_05": 0.006042149606532323}, "V_8_S_1": {"Mean": 0.003632222293863692, "Mode": 0.005506571439550944, "Quantile": 0.005832103774891939, "Quantile_05": 0.008736421473739334}, "V_2_S_0.5": {"Mean": 0.0009594337204420302, "Mode": 0.002833782866129283, "Quantile": 0.0031593152014702773, "Quantile_05": 0.006063632900317672}, "V_4_S_full": {"Mean": 0.010182656175151496, "Mode": 0.0070613645005204746, "Quantile": 0.012097926461255234, "Quantile_05": 0.015101557082684909}, "V_8_S_16": {"Mean": 0.008068796282529178, "Mode": 0.006274922836156425, "Quantile": 0.010070986313998772, "Quantile_05": 0.013004674387898634}, "V_1_S_16": {"Mean": 0.0010412512515029825, "Mode": 0.004104866095183838, "Quantile": 0.0031021513621948904, "Quantile_05": 0.006165152333754558}, "V_1_S_1": {"Mean": 0.0031139892513738993, "Mode": 0.0037826694847891743, "Quantile": 0.005278103228978962, "Quantile_05": 0.008165871233819623}, "V_0.5_S_full": {"Mean": 0.0013342657653578043, "Mode": 0.005571215769465679, "Quantile": 0.0032940907394521965, "Quantile_05": 0.0064238547332698135}, "V_2_S_full": {"Mean": 0.004870161930001003, "Mode": 0.005538842163416278, "Quantile": 0.007034275907606065, "Quantile_05": 0.009922043912446728}, "V_8_S_0.5": {"Mean": 0.0025124158273266903, "Mode": 0.0031810960607419653, "Quantile": 0.004676529804931752, "Quantile_05": 0.007564297809772415}, "V_4_S_0.5": {"Mean": 0.0003364194195167101, "Mode": 0.0034000342631975654, "Quantile": 0.0023973195302086176, "Quantile_05": 0.005460320501768286}, "V_0.5_S_1": {"Mean": -0.0009352029422421419, "Mode": 0.003301747061865735, "Quantile": 0.001024622031852252, "Quantile_05": 0.00415438602566987}, "V_0.5_S_0.5": {"Mean": 0.0002909866466381233, "Mode": 0.0021653357923253776, "Quantile": 0.002490868127666372, "Quantile_05": 0.005395185826513766}, "V_1_S_0.5": {"Mean": 0.0014642827163603594, "Mode": 0.004527897560041215, "Quantile": 0.00352518282705227, "Quantile_05": 0.006588183798611937}}