{"V_14_S_1": {"Mean": -0.0013318484626615645, "Mode": 0.003426884332173445, "Quantile": 0.000635544314786842, "Quantile_05": 0.003725510572275697}, "V_14_S_full": {"Mean": 0.007963492059072328, "Mode": 0.006694024501483843, "Quantile": 0.010030932979095226, "Quantile_05": 0.012922603410903247}, "V_8_S_1": {"Mean": 0.003058156063814661, "Mode": 0.005506571439550944, "Quantile": 0.005246647456607476, "Quantile_05": 0.008183985601407904}, "V_2_S_full": {"Mean": 0.0030904267876799936, "Mode": 0.005538842163416278, "Quantile": 0.0052789181804728, "Quantile_05": 0.008216256325273234}, "V_0.5_S_full": {"Mean": 0.0019601810443137047, "Mode": 0.005571215769465679, "Quantile": 0.003991507214082965, "Quantile_05": 0.007083277953513221}, "V_8_S_0.5": {"Mean": 0.0007326806850056805, "Mode": 0.0031810960607419653, "Quantile": 0.0029211720777984934, "Quantile_05": 0.005858510222598923}}