{"size_0.5": {"coefficients": [-0.0075571936676109815, 0.03984303266924523, -0.06662071323704212, 0.034306131718080925]}, "size_1": {"coefficients": [-0.009179649762614173, 0.04694954647086034, -0.0754479868351288, 0.03702000792485209]}, "size_16": {"coefficients": [-0.009707009786831797, 0.04924238817217623, -0.07830819810300449, 0.03733333215162422]}, "size_full": {"coefficients": [-0.010877927063495699, 0.051278724965238304, -0.07694907585334886, 0.03438506382040785]}, "size_all": {"coefficients": [-0.009111524098014833, 0.04651140474905443, -0.07463041196913939, 0.0359979581306079]}}