{"size_0.5": {"coefficients": [-0.0015533972269302651, 0.013339796039632616, -0.04646021876266382, 0.08471356394931648, -0.08315093902756397, 0.03425069515031645]}, "size_1": {"coefficients": [-0.0014161880777196244, 0.01262182462743405, -0.04562711289024022, 0.08573273177457814, -0.08543290899139731, 0.03518400629912046]}, "size_16": {"coefficients": [-0.002524773007127262, 0.019743586815821917, -0.06149478898051873, 0.09985993230258437, -0.08959168778315076, 0.0347602450280386]}, "size_full": {"coefficients": [-0.0039195009484615986, 0.027322653150267516, -0.07602533383627215, 0.11124868884273947, -0.09171453314958056, 0.03270162576077565]}, "size_all": {"coefficients": [-0.0022354789702726803, 0.018055332605177363, -0.058082384889003996, 0.09694498808019565, -0.08822809828062268, 0.03424475850533613]}}