{"size_0.5": {"coefficients": [0.003625704787720152, -0.025565910222703707, 0.06712092013154212, -0.07875318366555428, 0.0343993377343229]}, "size_1": {"coefficients": [0.004248023194239053, -0.02924194924817537, 0.07446138340523685, -0.08438234054185278, 0.03569877816187226]}, "size_16": {"coefficients": [0.004916423549180775, -0.03278062402572286, 0.08053326602381948, -0.088101987554531, 0.0357031211939738]}, "size_full": {"coefficients": [0.006150668759058921, -0.03763471462552728, 0.08572962753386384, -0.08827587583732092, 0.033404194249039655]}, "size_all": {"coefficients": [0.004806971557262184, -0.03190060725418288, 0.0783049193510289, -0.08585366024416727, 0.03491685210111382]}}