{"size_0.5": {"coefficients": [-3.9769184471980523, 6.605511242170414, -0.24507544120284816]}, "size_1": {"coefficients": [-4.220889199178735, 6.902511098468352, -0.31828183962387907]}, "size_16": {"coefficients": [-4.2971617634366455, 6.981727936850994, -0.32606951544923196]}, "size_full": {"coefficients": [-4.2039031977815995, 6.511429756659243, -0.25899632099496517]}, "size_all": {"coefficients": [-4.174718151898759, 6.750295008537251, -0.28710577931773124]}}