{"size_0.5": {"popt": [-2.759913796590155, -1.2115280956498864], "pcov": [[0.004564849993788796, -0.0020115020364337077], [-0.0020115020364337077, 0.000899703796322891]]}, "size_1": {"popt": [-2.6389694545646116, -1.2666754883884623], "pcov": [[0.003808604534472326, -0.0016668147417498841], [-0.0016668147417498841, 0.0007456706036440806]]}, "size_16": {"popt": [-2.75023775377941, -1.2175815796535776], "pcov": [[0.005412309181284843, -0.0021458377287420045], [-0.0021458377287420045, 0.0008704793367549854]]}, "size_full": {"popt": [-3.010623521404402, -1.1312423283939927], "pcov": [[0.026511613974992392, -0.009296665256964116], [-0.009296665256964116, 0.0033138535540843186]]}, "size_all": {"popt": [-2.7649131617216343, -1.215375381612713], "pcov": [[0.0020028093256285297, -0.0008173845064902832], [-0.0008173845064902832, 0.00034077979340051985]]}}