{"size_0.5": {"coefficients": [20.334440870839682, -64.03342059249019, 78.38043744390849, -47.991864436739725, 16.809228053007327, -0.8877201853578424]}, "size_1": {"coefficients": [30.428416964938723, -92.66326108666458, 108.46462335067125, -62.353685082547265, 19.85643377400873, -1.1141843996996807]}, "size_16": {"coefficients": [31.636894049207772, -96.03239346772136, 111.81047322661577, -63.84093285088234, 20.17000869474099, -1.133062914664244]}, "size_full": {"coefficients": [7.456708585040752, -34.77815025738658, 57.848884895434445, -44.37125936281819, 17.144855244489058, -0.9757146237951725]}, "size_all": {"coefficients": [22.464115117506687, -71.87680635106524, 89.12610472915652, -54.63943543324621, 18.495131441561394, -1.0276705308792324]}}