{"size_0.5": {"coefficients": [0.012080061145310784, -0.04212915002507693, 0.03220315411790645]}, "size_1": {"coefficients": [0.014708166563241337, -0.050203725324963325, 0.03713629520442478]}, "size_16": {"coefficients": [0.015284874459669752, -0.05201468669048322, 0.03765840227041167]}, "size_full": {"coefficients": [0.016398879150285962, -0.051236243544106615, 0.03405446205508206]}, "size_all": {"coefficients": [0.014473842644798299, -0.048814428414235354, 0.035405110792127624]}}