{"size_0.5": {"coefficients": [-12.42540574569476, 31.715953913220197, -29.965050721334418, 14.017749691280358, -0.7606743667384614]}, "size_1": {"coefficients": [-15.437130087263387, 38.63598280213609, -35.37839681345885, 15.679271093276226, -0.9240732888431173]}, "size_16": {"coefficients": [-15.73919493973098, 39.208559522733744, -35.79430992273796, 15.826948281545231, -0.9354014629141608]}, "size_full": {"coefficients": [-15.853315795040428, 40.736860169996184, -37.760765499406666, 16.121210640879916, -0.9291264902728419]}, "size_all": {"coefficients": [-14.863761641931806, 37.57433910202036, -34.72463073923367, 15.411294926745246, -0.8873189021921322]}}