{"popt": [-2.600067373091556, -1.3036450418254393], "pcov": [[0.005059148505039257, -0.0023801793225535443], [-0.0023801793225535443, 0.0011429155434731577]]}