{"size_0.5": {"coefficients": [6.731130370824213, -13.885978266410566, 10.395401651154708, -0.550138946553813]}, "size_1": {"coefficients": [7.595228147912779, -15.4020082552666, 11.178922447829509, -0.6625073701210507]}, "size_16": {"coefficients": [7.560417295683881, -15.427034922016848, 11.238539411046641, -0.6687173732495197]}, "size_full": {"coefficients": [8.859245401705442, -17.245812624924852, 11.4995323975312, -0.6605087428495628]}, "size_all": {"coefficients": [7.686505304031572, -15.490208517154725, 11.078098976890516, -0.6354681081934852]}}