{"popt": [-2.499539259496238, -1.7795836167732528], "pcov": [[0.016942607200515214, -0.010616222762106716], [-0.010616222762106716, 0.00673664601846366]]}