{"V_8_S_0.5": {"Mean": 0.0020802395210574643, "Mode": 0.003350694088594934, "Quantile": 0.004297938950108503, "Quantile_05": 0.007166815096014684}, "V_8_S_full": {"Mean": 0.015202701067325072, "Mode": 0.017626728658616475, "Quantile": 0.017294089401572427, "Quantile_05": 0.020317462367750477}, "V_2_S_16": {"Mean": 0.0028619105492761554, "Mode": 0.004132365116813625, "Quantile": 0.00507960997832719, "Quantile_05": 0.007948486124233371}, "V_8_S_16": {"Mean": 0.007774703330375076, "Mode": 0.006114695016790689, "Quantile": 0.009809004363186373, "Quantile_05": 0.012718546187801296}, "V_2_S_0.5": {"Mean": 0.0011348486964541818, "Mode": 0.0012115616231894977, "Quantile": 0.003295820433343867, "Quantile_05": 0.0061608263848840685}, "V_0.5_S_0.5": {"Mean": -0.000992911899651826, "Mode": 0.0014555034760844595, "Quantile": 0.0011955794931409844, "Quantile_05": 0.004132917637941413}, "V_2_S_1": {"Mean": 0.0030813757852885043, "Mode": 0.003158088712023819, "Quantile": 0.005242347522178188, "Quantile_05": 0.00810735347371839}, "V_4_S_16": {"Mean": 0.005582610462558408, "Mode": 0.008031025838294693, "Quantile": 0.007771101855351221, "Quantile_05": 0.010708440000151651}, "V_4_S_full": {"Mean": 0.006632725565548683, "Mode": 0.009081140941284966, "Quantile": 0.008821216958341498, "Quantile_05": 0.011758555103141926}, "V_0.5_S_1": {"Mean": -0.0012588366503427087, "Mode": 0.003499896144492297, "Quantile": 0.0007085561271056961, "Quantile_05": 0.0037985223845945527}, "V_2_S_full": {"Mean": 0.005121413837773596, "Mode": 0.005198126764508913, "Quantile": 0.007282385574663282, "Quantile_05": 0.010147391526203482}, "V_0.5_S_16": {"Mean": 0.004317254443501164, "Mode": 0.005587709011038633, "Quantile": 0.0065349538725521985, "Quantile_05": 0.009403830018458383}, "V_8_S_1": {"Mean": 0.007741822547688851, "Mode": 0.012529130892224205, "Quantile": 0.009631962274166838, "Quantile_05": 0.012789004199087904}, "V_4_S_0.5": {"Mean": -0.004254363859767243, "Mode": -0.0061381271446110915, "Quantile": -0.002161085540947202, "Quantile_05": 0.0006817058131520473}, "V_4_S_1": {"Mean": -0.012406666989577082, "Mode": -0.014908270479277634, "Quantile": -0.01029345812232354, "Quantile_05": -0.007486701573611998}, "V_0.5_S_full": {"Mean": -0.0035302220791478918, "Mode": -0.005413985363991742, "Quantile": -0.0014369437603278514, "Quantile_05": 0.0014058475937713966}}