{"V_8_S_full": {"Mean": 0.011627820138842804, "Mode": 0.010308655552913238, "Quantile": 0.013137139339813426, "Quantile_05": 0.016594476174877464}, "V_8_S_0.5": {"Mean": 0.0038082034502346773, "Mode": 0.003995870576038728, "Quantile": 0.005421545996775746, "Quantile_05": 0.008832793499731314}, "V_0.5_S_1": {"Mean": 0.0026986025068932956, "Mode": 0.0029700815035545334, "Quantile": 0.004320432753361873, "Quantile_05": 0.00772737793332722}, "V_2_S_full": {"Mean": 0.005347908851063023, "Mode": 0.006035279208172902, "Quantile": 0.006971765198294594, "Quantile_05": 0.010388680599831675}, "V_4_S_0.5": {"Mean": 0.002164578648723137, "Mode": 0.002571624884958757, "Quantile": 0.0037944450947177775, "Quantile_05": 0.007198939284798001}, "V_2_S_16": {"Mean": 0.005114094164932274, "Mode": 0.006001459578486551, "Quantile": 0.006750257107868364, "Quantile_05": 0.010163262920823233}, "V_4_S_16": {"Mean": 0.006396632192393937, "Mode": 0.006069202526008251, "Quantile": 0.007973840284312549, "Quantile_05": 0.011399453711351773}, "V_4_S_1": {"Mean": 0.005063713792255207, "Mode": 0.005189510642728181, "Quantile": 0.006671665592643953, "Quantile_05": 0.010085407187273758}, "V_0.5_S_0.5": {"Mean": 0.0012661216281075942, "Mode": 0.0025504037702938046, "Quantile": 0.0029484408600124403, "Quantile_05": 0.006336336159809828}, "V_4_S_full": {"Mean": 0.009585013462122665, "Mode": 0.007511754590403158, "Quantile": 0.011052889512717743, "Quantile_05": 0.01453449117154866}, "V_1_S_16": {"Mean": 0.0070122376496924025, "Mode": 0.0051273275578660295, "Quantile": 0.00850091056695541, "Quantile_05": 0.011967585839108287}, "V_0.5_S_full": {"Mean": 0.0033717946674157403, "Mode": 0.00610322958484086, "Quantile": 0.004906061969197392, "Quantile_05": 0.008464643920510728}, "V_2_S_0.5": {"Mean": 0.0026310288425823378, "Mode": 0.0029700815035545334, "Quantile": 0.004255346253698171, "Quantile_05": 0.007662262705214387}, "V_8_S_16": {"Mean": 0.0100471107936968, "Mode": 0.007284660965544572, "Quantile": 0.01147778461456497, "Quantile_05": 0.01498968250164176}, "V_2_S_1": {"Mean": 0.004579267459432705, "Mode": 0.0052207555692014, "Quantile": 0.006147561639823619, "Quantile_05": 0.009603540588225455}, "V_1_S_full": {"Mean": 0.006555045632894399, "Mode": 0.006555045632894399, "Quantile": 0.008093203687821036, "Quantile_05": 0.0115550456328944}, "V_0.5_S_16": {"Mean": 0.004470184541813837, "Mode": 0.004470184541813837, "Quantile": 0.006008342596740475, "Quantile_05": 0.009470184541813838}, "V_1_S_0.5": {"Mean": 0.003062890650420289, "Mode": 0.0030628906504202896, "Quantile": 0.004601048705346927, "Quantile_05": 0.00806289065042029}, "V_1_S_1": {"Mean": 0.004586014636008262, "Mode": 0.004586014636008262, "Quantile": 0.006124172690934899, "Quantile_05": 0.009586014636008264}, "V_8_S_1": {"Mean": 0.005096389287456226, "Mode": 0.005096389287456226, "Quantile": 0.006634547342382864, "Quantile_05": 0.010096389287456226}}