{"V_0.5_S_0.5": [0.07099999999999983, 0.13999999999999985], "V_0.5_S_1": [0.04950000000000004, 0.023000000000000017], "V_1_S_0.5": [0.13999999999999985, 0.27999999999999997], "V_1_S_1": [0.34, 0.020000000000000014]}