Block_ID,VRR_Frequency,Observer_color_value,Size_Degree,Repeat_ID
0,0.5,0.04950000000000004,1.0,0
1,1.0,0.34,1.0,0
2,0.5,0.07099999999999983,0.5,0
3,1.0,0.13999999999999985,0.5,0
0,1.0,0.27999999999999997,0.5,1
1,1.0,0.020000000000000014,1.0,1
2,0.5,0.13999999999999985,0.5,1
3,0.5,0.023000000000000017,1.0,1
