Color,Luminance
0.0,
1.0,276.418
0.5,94.921
0.25,22.326
0.125,4.852
0.1875,11.765
0.15625,7.754
0.171875,9.573
