{"V_2_S_1": [0.07523059622302747], "V_8_S_16": [0.095644484696175], "V_0.5_S_0.5": [0.06477890316074353], "V_4_S_16": [0.09557243937471796], "V_2_S_16": [0.09428837602790416], "V_4_S_0.5": [0.0814999999999999], "V_8_S_0.5": [0.0653443633213014], "V_0.5_S_full": [0.13899999999999996], "V_0.5_S_16": [0.08699999999999991], "V_8_S_1": [0.0759999999999999], "V_4_S_full": [0.10978020525059301], "V_0.5_S_1": [0.06599999999999989], "V_4_S_1": [0.07421835896155404], "V_2_S_0.5": [0.06449999999999989], "V_2_S_full": [0.11349999999999993], "V_8_S_full": [0.13199999999999995]}