{"V_0.5_S_0.5": [0.05142842355493074], "V_0.5_S_1": [0.073078357375229], "V_0.5_S_16": [0.09027253332874632], "V_0.5_S_full": [0.07872358323518457], "V_1_S_0.5": [0.06028141155854605], "V_1_S_1": [0.08372739969913154], "V_1_S_16": [0.09083059167103202], "V_1_S_full": [0.08740015459235428], "V_2_S_0.5": [0.07053515919328987], "V_2_S_1": [0.08998635655643267], "V_2_S_16": [0.08043509672131471], "V_2_S_full": [0.08408542938139965], "V_4_S_0.5": [0.08615282333291642], "V_4_S_1": [0.08500000000000006], "V_4_S_16": [0.09591181140633456], "V_4_S_full": [0.09882618326299482], "V_8_S_0.5": [0.06573353011485591], "V_8_S_1": [0.09542100807058301], "V_8_S_16": [0.11287705418808039], "V_8_S_full": [0.1150931336957906]}