{"V_4_S_1": {"Mean": 0.006906786185098251, "Mode": 0.009355201560834536, "Quantile": 0.009095277577891064, "Quantile_05": 0.012032615722691493}, "V_4_S_0.5": {"Mean": 0.005065208081072737, "Mode": 0.0051419210078080535, "Quantile": 0.007226179817962421, "Quantile_05": 0.010091185769502624}, "V_4_S_full": {"Mean": 0.009526525117925552, "Mode": 0.010796979685463021, "Quantile": 0.011744224546976587, "Quantile_05": 0.014613100692882769}, "V_0.5_S_16": {"Mean": 0.003217118862204645, "Mode": -0.0008942103254974045, "Quantile": 0.005188224748381121, "Quantile_05": 0.008173300860622934}, "V_2_S_1": {"Mean": 0.005295540110348046, "Mode": 0.007743955486084332, "Quantile": 0.007484031503140853, "Quantile_05": 0.010421369647941285}, "V_0.5_S_0.5": {"Mean": 0.0022362858010609257, "Mode": 0.005847320526212901, "Quantile": 0.004267611970830187, "Quantile_05": 0.007359382710260444}, "V_4_S_16": {"Mean": 0.009715973610340324, "Mode": 0.009792686537075641, "Quantile": 0.011876945347230012, "Quantile_05": 0.014741951298770213}, "V_0.5_S_full": {"Mean": 0.005494190613831494, "Mode": 0.009105225338983468, "Quantile": 0.007525516783600761, "Quantile_05": 0.010617287523031016}, "V_8_S_1": {"Mean": 0.010644837138692246, "Mode": 0.006703942772779336, "Quantile": 0.012547763799427604, "Quantile_05": 0.015590671234896046}, "V_2_S_16": {"Mean": 0.008047167371202533, "Mode": 0.01049558274693882, "Quantile": 0.01023565876399534, "Quantile_05": 0.013172996908795774}, "V_8_S_0.5": {"Mean": 0.005743274826627682, "Mode": 0.008191690202363966, "Quantile": 0.007931766219420494, "Quantile_05": 0.010869104364220922}, "V_2_S_0.5": {"Mean": 0.00503818911206247, "Mode": 0.007486604487798754, "Quantile": 0.007226680504855278, "Quantile_05": 0.01016401864965571}, "V_2_S_full": {"Mean": 0.007541082026411872, "Mode": 0.011152116751563844, "Quantile": 0.009572408196181133, "Quantile_05": 0.012664178935611389}, "V_0.5_S_1": {"Mean": 0.001884761365788295, "Mode": 0.005495796090940269, "Quantile": 0.003916087535557561, "Quantile_05": 0.007007858274987813}, "V_8_S_full": {"Mean": 0.010604915869758907, "Mode": 0.010681628796494223, "Quantile": 0.012765887606648593, "Quantile_05": 0.015630893558188794}, "V_8_S_16": {"Mean": 0.01315287528699544, "Mode": 0.012019605927555594, "Quantile": 0.015231081125908097, "Quantile_05": 0.01811792388267024}}