{"V_4_S_1": [0.08358665629214837], "V_2_S_16": [0.10505099866806679], "V_8_S_full": [0.13299999999999998], "V_8_S_16": [0.11608399604512626], "V_2_S_1": [0.12574162699562208], "V_0.5_S_16": [0.07377071198160923], "V_8_S_0.5": [0.10409257362194843], "V_0.5_S_1": [0.09411232385916773], "V_2_S_0.5": [0.16149999999999998], "V_4_S_16": [0.10505748782110881], "V_8_S_1": [0.11560025218589187], "V_2_S_full": [0.09899999999999992], "V_0.5_S_0.5": [0.16399999999999998], "V_0.5_S_full": [0.09566302310064559], "V_4_S_full": [0.12859875339316176], "V_4_S_0.5": [0.09433197662841483]}