{"V_8_S_full": {"Mean": 0.01378397908734789, "Mode": 0.01851107299768103, "Quantile": 0.01567292528556395, "Quantile_05": 0.018836055140285246}, "V_4_S_16": {"Mean": 0.007835124545331022, "Mode": 0.0038838831063457368, "Quantile": 0.009739002932724908, "Quantile_05": 0.012781530519562732}, "V_2_S_16": {"Mean": 0.011855347373927539, "Mode": 0.015511540259225763, "Quantile": 0.013796666312156161, "Quantile_05": 0.01696631683688161}, "V_4_S_full": {"Mean": 0.007385831244007468, "Mode": 0.005784440701460186, "Quantile": 0.009425893130480749, "Quantile_05": 0.012331805799881523}, "V_4_S_1": {"Mean": 0.005089969175953982, "Mode": 0.003956699816514138, "Quantile": 0.007168175014866636, "Quantile_05": 0.010055017771628781}, "V_2_S_0.5": {"Mean": 0.0017325965878377532, "Mode": 0.0030030511553752197, "Quantile": 0.003950296016888788, "Quantile_05": 0.006819172162794972}, "V_4_S_0.5": {"Mean": 0.002771153150632939, "Mode": 0.005219568526369225, "Quantile": 0.004959644543425746, "Quantile_05": 0.007896982688226178}, "V_0.5_S_0.5": {"Mean": -0.00039485877464256634, "Mode": 0.0032161759505094077, "Quantile": 0.0016364673951266998, "Quantile_05": 0.004728238134556953}, "V_0.5_S_1": {"Mean": 0.001111361358063024, "Mode": 0.004722396083215, "Quantile": 0.0031426875278322878, "Quantile_05": 0.006234458267262541}, "V_0.5_S_16": {"Mean": 0.004654296175980299, "Mode": 0.0035210268165404525, "Quantile": 0.006732502014892951, "Quantile_05": 0.009619344771655096}, "V_2_S_full": {"Mean": 0.00681219821129006, "Mode": 0.006888911138025378, "Quantile": 0.00897316994817975, "Quantile_05": 0.011838175899719949}, "V_0.5_S_full": {"Mean": 0.0012443593224142047, "Mode": 0.004855394047566179, "Quantile": 0.003275685492183469, "Quantile_05": 0.006367456231613725}, "V_8_S_1": {"Mean": 0.011385273759018934, "Mode": 0.016322207589102817, "Quantile": 0.013273657394782368, "Quantile_05": 0.01641850690303531}, "V_8_S_0.5": {"Mean": 0.0033029858450974695, "Mode": 0.005751401220833755, "Quantile": 0.005491477237890283, "Quantile_05": 0.008428815382690712}, "V_8_S_16": {"Mean": 0.012054700030466853, "Mode": 0.008044300795546779, "Quantile": 0.013954767407976914, "Quantile_05": 0.017003880654439335}, "V_2_S_1": {"Mean": 0.0021394135920237106, "Mode": 0.004587828967759995, "Quantile": 0.004327904984816523, "Quantile_05": 0.007265243129616951}}