{"coefficients_1d":{"ModelTerms":[[1,0],[0,1],[0,0]],"Coefficients":[1.5639230427644351,-0.00925292403735202,1.7891275258926429],"ParameterVar":[0.0024216525414554619,2.1015918262173586E-5,0.0023895550107679107],"ParameterStd":[0.049210288979597165,0.0045843121907406768,0.048883074890680833],"DoF":157,"p":[2.8020560021989327E-70,0.045253326069886184,9.1209469212699249E-79],"R2":0.865934366749965,"AdjustedR2":0.86422652428818114,"RMSE":0.28943431321673796,"VarNames":["X1","X2"]},"coefficients_2d":{"ModelTerms":[[2,0],[1,1],[1,0],[0,2],[0,1],[0,0]],"Coefficients":[-0.18124649166816906,0.0070041562629346889,1.6443838707808778,-0.0030719550015844872,0.034154321230377684,1.7318405271875086],"ParameterVar":[0.016111964963167424,9.1986671056642881E-5,0.017541702910507578,1.5170968255500711E-6,0.00038697669873691878,0.0051459556504406126],"ParameterStd":[0.12693291520786648,0.0095909682022537676,0.13244509394653914,0.0012317048451435397,0.01967172332910665,0.071735316619086678],"DoF":154,"p":[0.15534772711550937,0.46632446009251738,5.7530371155933049E-25,0.013685021624625282,0.084525927869882236,3.2284103112653169E-54],"R2":0.87317536706798937,"AdjustedR2":0.86905768418058638,"RMSE":0.28150952350643355,"VarNames":["X1","X2"]},"coefficients_3d":{"ModelTerms":[[3,0],[2,1],[2,0],[1,2],[1,1],[1,0],[0,3],[0,2],[0,1],[0,0]],"Coefficients":[-1.7989537597191672,0.043119302494786863,1.5453754250696641,2.5796108643895233E-5,-0.025984174357238779,1.7769068436642184,-0.00034557259160243121,0.0050872370789880631,-0.020043627362371821,1.6404196043123567],"ParameterVar":[0.10579545370345247,0.000526639679562862,0.18843998236918533,5.7140209547247996E-6,0.0016890203501809149,0.04050905883889943,8.2465340394270378E-8,4.8506461808846751E-5,0.0023714039973100993,0.0088250493627172379],"ParameterStd":[0.32526213075526095,0.022948631322213139,0.43409674309903007,0.0023904018395919961,0.041097692759824306,0.20126862358276174,0.00028716779135946007,0.00696465805397844,0.048697063538883936,0.0939417338711461],"DoF":150,"p":[1.3822592507174713E-7,0.062191649852311,0.0004971784564626533,0.99140410622249786,0.52818354268685508,2.5747316139998147E-15,0.23072426112273803,0.46626301597286823,0.681221417574797,5.7546971246014745E-38],"R2":0.89748409937515572,"AdjustedR2":0.89133314533766506,"RMSE":0.25309694344543349,"VarNames":["X1","X2"]},"coefficients_4d":{"ModelTerms":[[4,0],[3,1],[3,0],[2,2],[2,1],[2,0],[1,3],[1,2],[1,1],[1,0],[0,4],[0,3],[0,2],[0,1],[0,0]],"Coefficients":[-4.8668753569124164,0.11691004872245876,4.8402400373207355,-0.00036460708063576681,-0.086193825686554482,0.6097370286242062,0.00030619733473573454,-0.0069383191923322691,0.023418779188642616,0.87098589527202,1.3449689004355033E-5,-0.00089503612602328435,0.012362553481121946,-0.042189701670539974,1.7218208771769445],"ParameterVar":[0.681173222847128,0.0033941592839962223,1.9612329852958472,3.2109286059206867E-5,0.012314839683416418,0.59677811837926853,3.04859778714801E-7,0.00019343465646150677,0.012200358517271932,0.078884780094776161,4.5987046881850382E-9,4.450803256113891E-6,0.00048132584765592332,0.0075924689205490274,0.013637543648730837],"ParameterStd":[0.82533218939232467,0.058259413694236761,1.4004402826596525,0.0056665056303869376,0.11097224735678925,0.77251415416111857,0.00055214108587823912,0.013908078819934361,0.11045523309138382,0.28086434464840165,6.7813749993530357E-5,0.0021096926923402592,0.021939139628889812,0.0871347744620311,0.11677989402603017],"DoF":145,"p":[2.4965261068293219E-8,0.046639088448203067,0.00071892938059575054,0.94878473775837413,0.43859206518249683,0.43123175181722539,0.58004757967722509,0.61862715532765344,0.83238874142441721,0.0023174341872206918,0.84306251281429956,0.67201261146357272,0.57396955894737922,0.62898223870229786,1.2258070776084064E-30],"R2":0.919279248071374,"AdjustedR2":0.91148552029895491,"RMSE":0.22458662255818307,"VarNames":["X1","X2"]},"coefficients_5d":{"ModelTerms":[[5,0],[4,1],[4,0],[3,2],[3,1],[3,0],[2,3],[2,2],[2,1],[2,0],[1,4],[1,3],[1,2],[1,1],[1,0],[0,5],[0,4],[0,3],[0,2],[0,1],[0,0]],"Coefficients":[-2.6826692519449429,0.13432238667136975,-0.774183572128437,0.0017185832589238388,-0.11842076016088354,4.2606482192838957,0.00063248090242657947,-0.017301147607039609,0.092409403046662966,-0.42186514623848048,-9.7394325130019271E-5,0.0028140070406623523,-0.02449665681621889,0.066865249048239789,0.97765851666726977,-6.6236240108824364E-6,0.0003162207805488129,-0.0058785575185001668,0.047522230757820437,-0.14229469804965494,1.820400862947424],"ParameterVar":[5.1210831335978213,0.027435859344912557,21.559551936401597,0.00025980354765936877,0.12971926241872042,10.454633238948682,2.1507242747312526E-6,0.001580771714026251,0.14313781208915835,1.4451509608507997,2.1343222019781124E-8,2.1602222950238679E-5,0.0027772484089755071,0.059868751689505846,0.22149807074950492,4.9669595222055209E-10,7.6935407188269795E-7,0.00015485086504288728,0.0057702274683670935,0.034585835206080211,0.025060943544791513],"ParameterStd":[2.2629810281126579,0.16563773526860526,4.643226457583304,0.016118422616973684,0.36016560415830995,3.2333625282279566,0.0014665347846986967,0.039758919930328228,0.37833558131526351,1.202144317813298,0.00014609319635007349,0.0046478191606643517,0.052699605396772251,0.24468091811480897,0.47063581541304833,2.2286676562927728E-5,0.00087712830981715438,0.012443908752594069,0.075962013324865824,0.18597267327777006,0.15830648611093454],"DoF":139,"p":[0.23785901525216457,0.41878605455084927,0.86782168030868911,0.91524235756175409,0.74280525554296273,0.18976698542535642,0.66693599698585249,0.66412747340001121,0.80739545339732666,0.72617426609772218,0.50609511389751449,0.54586945730803,0.6427764679101764,0.78504722035526475,0.039612929502915555,0.76675669293401438,0.71900686544033121,0.63737899825320954,0.532599752879908,0.44548672272620538,6.3797666597797279E-22],"R2":0.92086930005024381,"AdjustedR2":0.90948358782725736,"RMSE":0.22236364700080272,"VarNames":["X1","X2"]},"coefficients_6d":{"ModelTerms":[[6,0],[5,1],[5,0],[4,2],[4,1],[4,0],[3,3],[3,2],[3,1],[3,0],[2,4],[2,3],[2,2],[2,1],[2,0],[1,5],[1,4],[1,3],[1,2],[1,1],[1,0],[0,6],[0,5],[0,4],[0,3],[0,2],[0,1],[0,0]],"Coefficients":[-1.3140100966274633,-0.20576339824920614,1.9648758741622316,0.016021477021333094,0.28868553198049424,-5.3004162575434073,0.00015405511670137906,-0.026887510302033076,0.10419612806965722,4.7894389040959222,-0.00020361020921859905,0.0066971673953128748,-0.067078134684178781,0.12972334915458988,0.21798844231973336,4.992356748675425E-6,-0.00013880023181818546,0.00081524936156985748,0.00801211588532992,-0.065672499724843972,0.965236274073293,-5.9699388184824321E-6,0.00026478941179236575,-0.0043303075364296145,0.031147542478311897,-0.089858620655200616,0.067060287653251865,1.7235339555041258],"ParameterVar":[42.508792371830843,0.20981137985104939,238.52206399678411,0.0021361789884723234,1.3003808408862891,157.82988108901856,1.7701308797669044E-5,0.015352201863433728,1.8658128769237217,27.049187271722442,1.5316192021414169E-7,0.0001697461729663615,0.028742421289831319,0.88890252575997619,4.7371125078141976,2.3448836298977196E-9,3.6994208437355668E-6,0.000795338791235045,0.03383102518707759,0.26416393393182475,0.48961008906641651,3.6286083933439076E-11,7.7227604667215173E-8,2.4499960138448555E-5,0.0018285307286512583,0.033288662181457984,0.11599756824287358,0.046358932309112318],"ParameterStd":[6.5198767144656076,0.45805172180775544,15.444159543231354,0.046218816389781377,1.1403424226460617,12.563036300553245,0.0042072923356559194,0.12390400261264253,1.3659476113393667,5.2008833164879258,0.00039135906813838066,0.01302866735189603,0.16953589970808933,0.942816273597341,2.1764908701426244,4.8423998491426951E-5,0.0019233878557731322,0.028201751563245944,0.18393212114004881,0.513968806380139,0.69972143676352838,6.02379315161461E-6,0.00027789855103475293,0.004949743441679433,0.042761322812224348,0.18245180783280276,0.3405841573574343,0.21531124519892667],"DoF":132,