{"coefficients_3d":{"ModelTerms":[[3,0],[2,1],[2,0],[1,2],[1,1],[1,0],[0,3],[0,2],[0,1],[0,0]],"Coefficients":[-0.051632647304879473,0.0011282456080532219,0.10157931411180789,-0.00029581258347961874,0.0026591778528941689,-0.074716116956393477,1.7189363104707879E-5,-0.00016224572074344728,-0.0004616982225943128,0.021095476452447786],"ParameterVar":[4.0565009899599338E-5,2.0192875087875507E-7,7.2253291447786221E-5,2.1909194438982343E-9,6.4761882318462676E-7,1.5532334474688133E-5,3.1619575627929285E-11,1.859876804333978E-8,9.0926427610465847E-7,3.3837769226504595E-6],"ParameterStd":[0.0063690666427349725,0.00044936483048716114,0.0085001936123706157,4.6807258453131327E-5,0.00080474767671899917,0.0039411082800004538,5.62312863341479E-6,0.00013637730032281685,0.00095355349934057626,0.0018395045318374346],"DoF":150,"p":[1.6984109054433256E-13,0.013107420411164123,1.5109296424871519E-23,2.8330956770353291E-9,0.0011906286274747612,1.1598965312624338E-41,0.002648414598929684,0.2360507772668955,0.6289593376521061,2.9471568083137403E-22],"R2":0.94572151022091977,"AdjustedR2":0.94246480083417494,"RMSE":0.00495597595740222,"VarNames":["X1","X2"]},"coefficients_4d":{"ModelTerms":[[4,0],[3,1],[3,0],[2,2],[2,1],[2,0],[1,3],[1,2],[1,1],[1,0],[0,4],[0,3],[0,2],[0,1],[0,0]],"Coefficients":[0.094326440399393766,-0.00136287463111257,-0.18760063895070941,0.00040373525065488775,-0.0034169604013360956,0.14071759103484252,-4.56680466920485E-5,0.00047874881073592629,0.00046761813096976633,-0.060784627309851638,-6.07947191998122E-7,5.6278552883112935E-5,-0.00085997452361145053,0.0035013843167613972,0.014664782087874431],"ParameterVar":[0.00021140611137434689,1.0533972733332385E-6,0.00060868017857118118,9.9653055597384627E-9,3.8219828412923864E-6,0.00018521359490987331,9.4615023272874549E-11,6.0033581996421629E-8,3.7864529388410718E-6,2.4482354923983534E-5,1.4272350158226373E-12,1.3813329375081534E-9,1.4938230444759632E-7,2.3563673326954573E-6,4.23249178736895E-6],"ParameterStd":[0.014539811256489779,0.0010263514375364992,0.024671444598385016,9.9826377074090311E-5,0.0019549892176921042,0.01360932014870226,9.7270254072287977E-6,0.00024501751365243595,0.0019458810186753638,0.0049479647254182741,1.1946694169612937E-6,3.7166287647653936E-5,0.00038650007043672879,0.0015350463617413831,0.0020573020651739379],"DoF":145,"p":[1.2906294545528798E-9,0.18630331670317246,3.3076725309987062E-12,8.4918888725249157E-5,0.082612760899609061,4.0871017280387433E-19,6.1210250768042377E-6,0.052633145516918688,0.81042798235834335,3.187373380869258E-24,0.61160756248042569,0.13214259844172105,0.027623551033862145,0.024007616824306584,4.4302421541503274E-11],"R2":0.965406292226476,"AdjustedR2":0.96206621009661852,"RMSE":0.003956524590580642,"VarNames":["X1","X2"]},"coefficients_5d":{"ModelTerms":[[5,0],[4,1],[4,0],[3,2],[3,1],[3,0],[2,3],[2,2],[2,1],[2,0],[1,4],[1,3],[1,2],[1,1],[1,0],[0,5],[0,4],[0,3],[0,2],[0,1],[0,0]],"Coefficients":[-0.22332104603782327,0.0020782478705847459,0.50853700918264311,-0.00041746914061000211,0.001724089655186866,-0.36818665344866636,6.2433202654665351E-5,-0.00059095497642327934,-0.00067054650771029606,0.1041882253421319,1.7480118594833011E-6,-0.00014645778960795379,0.0020844854642362454,-0.0073530656619243068,-0.03357834131843878,4.9252311940504592E-7,-2.0661273604534222E-5,0.0003424047153356472,-0.0025572806683460021,0.0073298656550003817,0.012976054090900985],"ParameterVar":[0.0011419474206896107,6.117906699810731E-6,0.0048075522468038487,5.7933445600441234E-8,2.8926024684302647E-5,0.002331272730791584,4.7958878504251353E-10,3.5249538709658808E-7,3.1918219457517868E-5,0.00032225339233875566,4.7593129615085153E-12,4.8170674319547756E-9,6.1929704605591606E-7,1.335009895137295E-5,4.9391729050572823E-5,1.1075794840821932E-13,1.7155782772193777E-10,3.4530106486095446E-8,1.2866997473764555E-6,7.7122757580058718E-6,5.5883255737964988E-6],"ParameterStd":[0.033792712538202832,0.0024734402559614677,0.069336514527367527,0.00024069367586299653,0.0053782919857797463,0.048283255180151058,2.1899515634883653E-5,0.00059371321957371647,0.0056496211782311448,0.017951417557918809,2.1815849654571136E-6,6.9405096584867427E-5,0.00078695428460356963,0.0036537787222782046,0.0070279249462819977,3.3280316766554271E-7,1.3098008540306338E-5,0.00018582278247323563,0.0011343278835400528,0.0027770984422605316,0.0023639639535738481],"DoF":139,"p":[7.6600119186187775E-10,0.40222483354957195,1.6787406144027344E-11,0.08505660405254506,0.74902183621193941,3.4593084124167654E-12,0.00502442289089188,0.32129358142442754,0.90569329879627081,4.1970622686983734E-8,0.42434999240020088,0.036633726054131163,0.0090125390759164415,0.046103843482499456,4.448304082295764E-6,0.14115668198571296,0.11696832445954086,0.06751193245348304,0.025731978273298872,0.0092538852159602582,1.8585947904371726E-7],"R2":0.97563416873649556,"AdjustedR2":0.97212829373455245,"RMSE":0.003320518691361496,"VarNames":["X1","X2"]},"coefficients_6d":{"ModelTerms":[[6,0],[5,1],[5,0],[4,2],[4,1],[4,0],[3,3],[3,2],[3,1],[3,0],[2,4],[2,3],[2,2],[2,1],[2,0],[1,5],[1,4],[1,3],[1,2],[1,1],[1,0],[0,6],[0,5],[0,4],[0,3],[0,2],[0,1],[0,0]],"Coefficients":[0.42187017264660781,-0.0035244007403927844,-1.1535350675844087,0.00074359761607387185,-0.0023863153850965462,1.0642029558903272,-7.9091521398391563E-5,0.000293952113986692,0.004593318634126751,-0.33760455309687359,-1.9026655335857297E-6,0.000211985531812561,-0.0030065425448355,0.00936697547692937,0.014315881706215759,-1.3156922132902221E-6,5.4664420349489283E-5,-0.00091029986879485436,0.0068984412243959046,-0.019827659746882855,-0.022235722284190681,2.73760291136962E-7,-1.1466859767602253E-5,0.00017429635038309997,-0.0011267981772141568,0.002614482243825269,-0.00028757272696977056,0.017723333450792456],"ParameterVar":[0.0071208843956252653,3.5146671957587654E-5,0.039956158450000147,3.5784323140064717E-7,0.00021783403201012686,0.026438961793582887,2.96524475447094E-9,2.5717327778113475E-6,0.0003125526993151459,0.0045311599038789169,2.5657005687595572E-11,2.8435126166846E-8,4.8148029580552418E-6,0.00014890500933427195,0.00079354008088850674,3.9280450744492977E-13,6.1971057489895141E-10,1.3323162742901428E-7,5.6672233178354662E-6,4.4251570794296289E-5,8.2017310975978229E-5,6.0784838722259424E-15,1.2936825873009484E-11,4.1041246788965248E-9,3.0630735916182982E-7,5.57636907220791E-6,1.9431398248295606E-5,7.7658427647209071E-6],"ParameterStd":[0.084385332822862438,0.0059284628663412962,0.19989036607600713,0.00059819999281230957,0.014759201604765987,0.16260062052028856,5.4454060954817132E-5,0.0016036623016743106,0.017679160028551862,0.067313890868667792,5.0652744928182887E-6,0.00016862718098469771,0.0021942659269229975,0.012202664026116262,0.028169843465814765,6.2674118058807163E-7,2.4893986721675406E-5,0.00036500907855697821,0.00238059306010823,0.0066521854149066148,0.00905634092644365,7.7964632188101439E-8,3.5967799311341643E-6,6.4063442608843036E-5,0.00055345041255909261,0.0023614336899874851,0.0044081059706290639,0.0027867261732579516],"DoF":132,"p":[1.7942173347549385E-6,0.55320328388416307,5.3472655675075972E-8,0.21604969479390645,0.87180252876067976,1.2052569314866045E-9,0.14875087302241474,0.85484349144037008,0.79541095010316021,1.6729097802225804E-6,0.70779545677425937,0.21092798693275638,0.1729561510680292,0.4440855398002177,0.61216213728572311,0.037698378731113508,0.029846862104986664,0.013869977227738053,0.0044015738387138273,0.0034257577915858682,0.015378983858857437,0.00061073436152377168,0.0017885341540780613,0.007392984123726346,0.043755900177952389,0.27023874961112893,0.94808379758816841,3.0483323986023087E-9],"R2":0.98191866579793785,"AdjustedR2":0.97822021107478874,"RMSE":0.0028604248991995766,"VarNames":["X1","X2"]},"coefficients_7d":{"ModelTerms":[[7,0],[6,1],[6,0],[5,2],[5,1],[5,0],[4,3],[4,2],[4,1],[4,0],[3,4],[3,3],[3,2],[3,1],[3,0],[2,5],[2,4],[2,3],[2,2],[2,1],[2,0],[1,6],[1,5],[1,4],[1,3],[1,2],[1,1],[1,0],[0,7],[0,6],[0,5],[0,4],[0,3],[0,2],[0,1],[0,0]],