{"coefficients_2d":{"ModelTerms":[[2,0],[1,1],[1,0],[0,2],[0,1],[0,0]],"Coefficients":[-0.03920022387849198,0.012451560395924932,0.15616939348667394,-0.0055114208017007175,0.066733901381163419,0.04499893920261544],"ParameterVar":[0.00018254800004015968,4.8839959312713181E-6,0.0016787393224854212,1.0313317974459557E-6,0.00025775717024071026,0.0031780181646171232],"ParameterStd":[0.013511032530497426,0.0022099764549133364,0.040972421486719833,0.0010155450740592245,0.016054817664511493,0.056373913866407423],"DoF":26,"p":[0.00746787530933198,6.3569225366039951E-6,0.00076274048200052622,1.0926914992428528E-5,0.00031041504791228197,0.43197213398623846],"R2":0.90997565775676448,"AdjustedR2":0.89266328424845,"RMSE":0.0953700388128365,"VarNames":["X1","X2"]},"coefficients_3d":{"ModelTerms":[[3,0],[2,1],[2,0],[1,2],[1,1],[1,0],[0,3],[0,2],[0,1],[0,0]],"Coefficients":[0.00036739218805466881,-0.002288181139282332,-0.022343639045540639,0.0011014309348900244,0.0017182665184475756,0.1441189547445608,0.00078583110778976568,-0.025431578025459492,0.20520356986074628,-0.14459037076849035],"ParameterVar":[6.3932997714387585E-5,4.186683629383616E-6,0.0016230951462876814,2.1287282118951578E-7,8.0064253939883916E-5,0.0035755019815104311,3.9335489608428195E-8,2.2905774373168231E-5,0.0010785964607931959,0.004079441344428259],"ParameterStd":[0.00799581126055309,0.0020461387121560493,0.040287655011028892,0.00046138142700970935,0.00894786309349243,0.059795501348432818,0.0001983317665136581,0.0047859977406146184,0.03284199233897353,0.063870504494862562],"DoF":22,"p":[0.96376617004273046,0.27550511268509681,0.5847612791519482,0.025998660317309935,0.84947943031952078,0.024746993661953879,0.0006613277428329879,2.47295025156649E-5,2.7417573766576094E-6,0.033790384203602773],"R2":0.95564379674228062,"AdjustedR2":0.937498077227759,"RMSE":0.0669436153906802,"VarNames":["X1","X2"]}}