{"size_05_3d":[0.0012191172208498898,-0.0346937036895723,0.2454380341531808,-0.31680366370917251],"size_05_4d":[0.00010424072990089426,-0.0019767375955764784,-0.0036665971456401182,0.14515362371545165,-0.24904682030320488],"size_05_5d":[-1.1612096024090365E-5,0.00055857781299164361,-0.00827804841854199,0.032761793133353409,0.067953918672972138,-0.2125723752617498],"size_05_6d":[-1.2682792259922134E-5,0.00056973875151125543,-0.00953414639072871,0.074018983566103785,-0.28284958368554569,0.55817440114305827,-0.401892441686433],"size_05_7d":[5.7218732184470931E-6,-0.00032104187580547051,0.0071538838541941874,-0.080145514955184682,0.47121215351063256,-1.3951587335427447,1.8830934143973965,-0.83385193304203964],"size_1_3d":[0.0010013914220931655,-0.0329528175010661,0.26353927375578595,-0.20237341995552391],"size_1_4d":[0.00012036152215568735,-0.0026887012188483565,0.0028726201686900448,0.14774591447821164,-0.12413800452279945],"size_1_5d":[3.5588592800936972E-5,-0.0012720845453706013,0.0166234698590883,-0.10877261126439407,0.38434651280341453,-0.23592438396091944],"size_1_6d":[-8.622225082623968E-6,0.00043081211745517843,-0.0081334868294964651,0.072571995929787747,-0.323336744603443,0.71761628915434661,-0.36463107503629288],"size_1_7d":[3.0538682439120307E-6,-0.00017319909999932151,0.00394489061495979,-0.045820063914594276,0.28456124526893711,-0.91699645366700067,1.4247497655285879,-0.59517574510253335],"size_16_3d":[0.00055769432836769227,-0.01671120040384767,0.15680132342964229,0.092559381472312935],"size_16_4d":[-3.0936310419749831E-5,0.0015061523519388654,-0.025919349659731784,0.18656348697658587,0.072450670197341513],"size_16_5d":[1.2135989953657969E-6,-7.8419816106618613E-5,0.0021647125695234996,-0.029726539830538475,0.19463175340219271,0.06863866676858893],"size_16_6d":[-4.5874416623652119E-6,0.00021149167055713655,-0.0037290184027614685,0.0319320402587408,-0.14388505866954235,0.37194742797446784,0.0001604687157155985],"size_16_7d":[5.9552274312018533E-6,-0.00032552228290812891,0.0070641568781850432,-0.077220118777730787,0.44532387381312932,-1.3015573293256413,1.7509003950577511,-0.44941555540772488],"size_full_3d":[0.00036512145984829344,-0.01200895565833136,0.12403058276534554,0.18362287644675226],"size_full_4d":[-2.4064161477267371E-5,0.0011028903380353857,-0.019171619453523667,0.1471814207220675,0.16798108630904679],"size_full_5d":[1.0912172972554152E-5,-0.00045101592180086251,0.0070243875002511834,-0.053404276073949861,0.21972788719169445,0.13370515089268095],"size_full_6d":[-5.4363352174509435E-6,0.00026010162758014377,-0.00477714781013011,0.042300077908237387,-0.18868751715096635,0.42985534324010694,0.052555249247835951],"size_full_7d":[2.2385573159128435E-6,-0.0001260750589440853,0.0028360038934892697,-0.03240229601805928,0.19769318825248525,-0.62385405962906948,0.948200828517674,-0.1164394213147301]}