Color,Luminance
0.0,
1.0,274.92
0.5,94.37
0.75,204.887
0.625,146.792
0.5625,120.714
0.53125,107.155
0.515625,100.218
