Color,Luminance
0.0,
1.0,398.821
0.5,87.64
0.25,18.998
0.125,3.805
0.1875,9.818
0.15625,6.31
0.140625,4.983
