Color,Luminance
0.0,
1.0,369.491
0.5,87.241
0.25,18.911
0.125,3.763
0.0625,0.683
0.09375,1.766
0.078125,1.087
