Color,Luminance
0.0,
1.0,369.911
0.5,87.521
0.25,19.003
0.125,3.793
0.1875,9.815
0.15625,6.308
0.140625,4.989
