Color,Luminance
0.0,0.007
1.0,371.166
0.5,87.847
0.25,19.082
0.125,3.826
0.1875,9.872
0.15625,6.34
0.171875,7.948
