Color,Luminance
0.0,0.012
1.0,398.782
0.5,87.374
0.25,18.944
0.375,46.124
0.3125,30.725
0.28125,24.438
0.265625,21.483
0.2578125,19.894
