Color,Luminance
0.0,
1.0,408.109
0.5,90.656
0.25,19.904
0.125,4.046
0.0625,0.768
0.09375,1.915
0.078125,1.203
0.0703125,0.933
