Color,Luminance
0.0,
1.0,398.365
0.5,87.378
0.25,18.941
0.125,3.768
0.1875,9.757
0.15625,6.263
0.171875,7.846
0.1796875,8.824
