Color,Luminance
0.0,
1.0,369.066
0.5,87.313
0.25,18.943
0.125,3.781
0.0625,0.69
0.09375,1.769
0.109375,2.72
0.1171875,3.168
0.11328125,2.901
