Color,Luminance
0.0,
1.0,399.148
0.5,87.758
0.25,19.074
0.125,3.815
0.0625,0.701
0.09375,1.786
0.109375,2.738
0.1171875,3.199
0.11328125,2.921
