Color,Luminance
0.0,0.008
1.0,398.3
0.5,87.457
0.25,18.961
0.125,3.779
0.1875,9.773
0.15625,6.283
0.171875,7.856
0.1640625,7.055
