Color,Luminance
0.0,
1.0,372.245
0.5,88.066
0.25,19.168
0.375,46.613
0.4375,66.415
0.40625,56.115
0.390625,51.115
0.3828125,48.858
0.38671875,49.806
