Color,Luminance
0.0,0.006
1.0,370.695
0.5,87.68
0.25,19.064
0.125,3.801
0.1875,9.85
0.15625,6.335
0.171875,7.92
0.1640625,7.119
