Color,Luminance
0.0,
1.0,368.776
0.5,87.208
0.25,18.911
0.125,3.765
0.0625,0.694
0.09375,1.759
0.109375,2.707
0.1015625,2.174
0.09765625,2.068
