Color,Luminance
0.0,
1.0,398.781
0.5,87.429
0.25,18.932
0.375,46.088
0.4375,65.779
0.40625,55.485
0.390625,50.511
