Color,Luminance
0.0,
1.0,398.143
0.5,87.438
0.25,18.945
0.125,3.786
0.1875,9.781
0.15625,6.271
0.171875,7.846
