Color,Luminance
0.0,0.006
1.0,369.624
0.5,87.4
0.25,18.958
0.125,3.79
0.1875,9.798
0.15625,6.286
0.140625,4.979
0.1328125,4.259
0.12890625,3.949
