Color,Luminance
0.0,
1.0,398.766
0.5,87.697
0.25,19.037
0.125,3.798
0.1875,9.826
0.15625,6.318
0.140625,4.997
0.1328125,4.265
0.12890625,3.949
