Color,Luminance
0.0,
1.0,370.492
0.5,87.641
0.25,19.032
0.125,3.805
0.1875,9.847
0.15625,6.32
0.140625,5.006
0.1484375,5.571
0.15234375,6.032
