Color,Luminance
0.0,
1.0,371.296
0.5,87.943
0.25,19.112
0.125,3.822
0.1875,9.872
0.15625,6.348
0.171875,7.944
0.1796875,8.94
