Color,Luminance
0.0,
1.0,371.99
0.5,88.067
0.25,19.149
0.375,46.591
0.3125,31.072
0.28125,24.738
0.265625,21.743
0.2578125,20.189
