Color,Luminance
0.0,0.01
1.0,398.821
0.5,87.652
0.25,19.001
0.125,3.797
0.1875,9.815
0.15625,6.299
0.140625,4.976
0.1484375,5.529
0.15234375,6.009
