{"L_1_S_4": 0.0703125, "L_2_S_4": 0.0961914025247097, "L_3_S_4": 0.11328125, "L_4_S_4": 0.12890625, "L_5_S_4": 0.140625, "L_6_S_4": 0.15234375, "L_7_S_4": 0.1640625, "L_8_S_4": 0.171875, "L_9_S_4": 0.1796875, "L_10_S_4": 0.1875, "L_20_S_4": 0.2578125, "L_50_S_4": 0.390625, "L_100_S_4": 0.53125, "L_1_S_16": 0.078125, "L_2_S_16": 0.09765625, "L_3_S_16": 0.11328125, "L_4_S_16": 0.12890625, "L_5_S_16": 0.140625, "L_6_S_16": 0.15234375, "L_7_S_16": 0.1640625, "L_8_S_16": 0.171875, "L_9_S_16": 0.1796875, "L_10_S_16": 0.1875, "L_20_S_16": 0.2578125, "L_50_S_16": 0.38671875, "L_100_S_16": 0.53125}