{"V_4_S_0.5": {"Mean": 0.00012850417493644574, "Mode": 0.00257691955067273, "Quantile": 0.0023169955677292517, "Quantile_05": 0.005254333712529684}, "V_4_S_1": {"Mean": 0.0039013396308993364, "Mode": 0.007512374356051308, "Quantile": 0.0059326658006686, "Quantile_05": 0.009024436540098855}, "V_4_S_16": {"Mean": 0.004453137936799483, "Mode": 0.004529850863534797, "Quantile": 0.006614109673689166, "Quantile_05": 0.009479115625229368}, "V_0.5_S_full": {"Mean": -0.004780332848263991, "Mode": -0.004493428560449045, "Quantile": -0.0025319548932322784, "Quantile_05": 0.0002608424175744419}, "V_8_S_16": {"Mean": 0.006575607779146146, "Mode": 0.005442338419706301, "Quantile": 0.008653813618058802, "Quantile_05": 0.011540656374820947}, "V_8_S_1": {"Mean": 0.006022809163000812, "Mode": 0.0036628352706530114, "Quantile": 0.008013245141397037, "Quantile_05": 0.010948779589190315}, "V_0.5_S_1": {"Mean": -0.006997381427089923, "Mode": -0.007789275433811143, "Quantile": -0.004822268201978468, "Quantile_05": -0.0020153212509823157}, "V_2_S_0.5": {"Mean": 0.0013233232298802175, "Mode": 0.0014000361566155364, "Quantile": 0.003484294966769902, "Quantile_05": 0.0063493009183101055}, "V_8_S_0.5": {"Mean": 0.0020553525993460327, "Mode": 0.00213206552608135, "Quantile": 0.004216324336235716, "Quantile_05": 0.007081330287775919}, "V_2_S_full": {"Mean": 0.004649803833441986, "Mode": 0.005920258400979455, "Quantile": 0.006867503262493025, "Quantile_05": 0.009736379408399207}, "V_0.5_S_16": {"Mean": -0.004759837626551546, "Mode": -0.008867925908896322, "Quantile": -0.0027890399728506985, "Quantile_05": 0.00019612873981446376}, "V_2_S_16": {"Mean": 0.004481440023451449, "Mode": 0.003348170664011602, "Quantile": 0.0065596458623641074, "Quantile_05": 0.00944648861912625}, "V_0.5_S_0.5": {"Mean": 0.00016389295432951787, "Mode": 0.0014343475218669872, "Quantile": 0.0023815923833805557, "Quantile_05": 0.005250468529286738}, "V_4_S_full": {"Mean": 0.005306198841682746, "Mode": 0.004172929482242899, "Quantile": 0.007384404680595405, "Quantile_05": 0.010271247437357547}, "V_8_S_full": {"Mean": 0.008892729087010312, "Mode": 0.008969442013745629, "Quantile": 0.0110537008239, "Quantile_05": 0.013918706775440201}, "V_2_S_1": {"Mean": 0.006140795647522113, "Mode": 0.005007526288082268, "Quantile": 0.008219001486434768, "Quantile_05": 0.01110584424319691}, "V_10_S_full": {"Mean": 0.010272499720478832, "Mode": 0.01021549494887727, "Quantile": 0.012424335311924311, "Quantile_05": 0.015291234628897366}, "V_12_S_full": {"Mean": 0.01066552484627933, "Mode": 0.00925131172951629, "Quantile": 0.01272244224890905, "Quantile_05": 0.015618716676350005}, "V_14_S_16": {"Mean": 0.010129970760008537, "Mode": 0.008996701400568692, "Quantile": 0.012208176598921193, "Quantile_05": 0.015095019355683338}, "V_14_S_0.5": {"Mean": -0.0019218982489810168, "Mode": 0.001689136476170959, "Quantile": 0.00010942792078824648, "Quantile_05": 0.0032011986602185033}, "V_10_S_16": {"Mean": 0.007480701118859427, "Mode": 0.008751155686396896, "Quantile": 0.009698400547910461, "Quantile_05": 0.012567276693816645}, "V_16_S_0.5": {"Mean": -0.010287485449937996, "Mode": -0.006839411626948321, "Quantile": -0.008163097353082311, "Quantile_05": -0.005151682036235251}, "V_10_S_1": {"Mean": 0.002334957939317095, "Mode": -0.0017731303430276787, "Quantile": 0.004305755593017946, "Quantile_05": 0.007290924305683107}, "V_16_S_1": {"Mean": -0.008883311810650892, "Mode": -0.008596407522835947, "Quantile": -0.006634933855619182, "Quantile_05": -0.003842136544812461}, "V_12_S_0.5": {"Mean": -0.011754524237503023, "Mode": -0.008306450414513347, "Quantile": -0.009630136140647338, "Quantile_05": -0.0066187208238002795}, "V_12_S_1": {"Mean": -0.0007203462890653534, "Mode": -0.0033409952688571946, "Quantile": 0.0013268219739694604, "Quantile_05": 0.004201145818444093}, "V_16_S_full": {"Mean": 0.0054767300220048, "Mode": 0.009087764747156777, "Quantile": 0.007508056191774064, "Quantile_05": 0.010599826931204318}, "V_14_S_full": {"Mean": 0.007625928987008052, "Mode": 0.012384661781843062, "Quantile": 0.009593321764456458, "Quantile_05": 0.012683288021945313}, "V_12_S_16": {"Mean": 0.009494487419962394, "Mode": 0.010764941987499863, "Quantile": 0.011712186849013432, "Quantile_05": 0.014581062994919614}, "V_16_S_16": {"Mean": 0.010607124806523375, "Mode": 0.008175899594250498, "Quantile": 0.012592623261387579, "Quantile_05": 0.015531983275956396}, "V_10_S_0.5": {"Mean": -0.006593750954825669, "Mode": -0.007385644961546891, "Quantile": -0.004418637729714216, "Quantile_05": -0.0016116907787180634}, "V_14_S_1": {"Mean": -0.007514556407792125, "Mode": -0.008306450414513347, "Quantile": -0.005339443182680674, "Quantile_05": -0.002532496231684519}}