Color,Luminance
0.0,
1.0,410.701
0.5,90.096
0.75,224.763
0.625,148.887
0.5625,117.541
0.53125,102.846
0.515625,96.16
0.5234375,99.392
