Color,Luminance
0.0,
1.0,412.476
0.5,90.481
0.25,19.858
0.125,4.047
0.0625,0.741
0.09375,1.89
0.078125,1.172
0.0703125,0.917
