Color,Luminance
0.0,
1.0,379.103
0.5,89.792
0.25,19.701
0.125,4.015
0.0625,0.738
0.09375,1.868
0.078125,1.167
0.0703125,0.904
