Color,Luminance
0.0,
1.0,378.846
0.5,89.844
0.75,220.93
0.625,148.58
0.5625,117.414
0.53125,102.767
0.515625,96.173
0.5234375,99.545
