{"L_1_S_4": 0.0703125, "L_10_S_4": 0.1875, "L_100_S_4": 0.5234375, "L_1_S_16": 0.0703125, "L_10_S_16": 0.1875, "L_100_S_16": 0.5234375}