{"V_0.5_S_0.5": [0.0583309866751342], "V_4_S_0.5": [0.0935635877485894], "V_0.5_S_full": [0.09499999999999992], "V_2_S_full": [0.08949999999999991], "V_8_S_full": [0.10899999999999993], "V_8_S_1": [0.09600000000000003], "V_2_S_16": [0.08500000000000006], "V_4_S_full": [0.09959040314269124], "V_4_S_1": [0.08550000000000003], "V_2_S_1": [0.07750000000000001], "V_8_S_0.5": [0.062], "V_2_S_0.5": [0.06217766391600906], "V_0.5_S_16": [0.07500000000000005], "V_8_S_16": [0.10000000000000009], "V_4_S_16": [0.09050000000000008], "V_0.5_S_1": [0.07000000000000005], "V_10_S_16": [0.11234105637863666], "V_14_S_full": [0.10609008583152557], "V_12_S_full": [0.09791545332492857], "V_12_S_0.5": [0.1101050621117939], "V_10_S_0.5": [0.0539582266318074], "V_12_S_16": [0.07461537864665502], "V_14_S_0.5": [0.0971098036401688], "V_16_S_full": [0.06076577447493098], "V_16_S_1": [0.0669170174712477], "V_16_S_16": [0.056229367791852294], "V_10_S_full": [0.10956282281030028], "V_14_S_16": [0.08849657113028152], "V_10_S_1": [0.04306904783705058], "V_16_S_0.5": [0.03564043874651221], "V_14_S_1": [0.026984382370586736], "V_12_S_1": [0.030446114867034177]}