{"V_8_S_16": {"Mean": 0.007973573689912295, "Mode": 0.01221052369402017, "Quantile": 0.009933398664006691, "Quantile_05": 0.013063162657824309}}