{"V_0.5_S_0.5": {"Mean": 0.0012064769767228226, "Mode": 0.0036548923524591078, "Quantile": 0.003394968369515636, "Quantile_05": 0.006332306514316064}, "V_2_S_full": {"Mean": 0.005845229511348315, "Mode": 0.00592194243808363, "Quantile": 0.008006201248238, "Quantile_05": 0.010871207199778202}, "V_4_S_1": {"Mean": 0.004323701271175039, "Mode": 0.005594155838712509, "Quantile": 0.006541400700226074, "Quantile_05": 0.009410276846132257}, "V_8_S_0.5": {"Mean": 0.0036406907487029727, "Mode": 0.003717403675438287, "Quantile": 0.005801662485592656, "Quantile_05": 0.008666668437132858}, "V_4_S_0.5": {"Mean": 0.0015012235014730695, "Mode": 0.0027716780690105387, "Quantile": 0.003718922930524104, "Quantile_05": 0.0065877990764302875}, "V_2_S_16": {"Mean": 0.006140890146258062, "Mode": 0.007411344713795532, "Quantile": 0.008358589575309097, "Quantile_05": 0.011227465721215281}, "V_0.5_S_full": {"Mean": 0.0023522096102260946, "Mode": -0.0017558786721186808, "Quantile": 0.004323007263926945, "Quantile_05": 0.007308175976592105}, "V_0.5_S_1": {"Mean": 0.0011301217601388746, "Mode": 0.00474115648529085, "Quantile": 0.0031614479299081374, "Quantile_05": 0.006253218669338394}, "V_2_S_1": {"Mean": 0.003313662329343582, "Mode": 0.006924697054495556, "Quantile": 0.005344988499112843, "Quantile_05": 0.008436759238543099}, "V_4_S_16": {"Mean": 0.007340479738197386, "Mode": 0.00620721037875754, "Quantile": 0.009418685577110038, "Quantile_05": 0.012305528333872183}, "V_8_S_full": {"Mean": 0.009542525948108001, "Mode": 0.010812980515645472, "Quantile": 0.011760225377159038, "Quantile_05": 0.014629101523065218}, "V_8_S_16": {"Mean": 0.00935341927484722, "Mode": 0.008009550377333119, "Quantile": 0.011415670775412196, "Quantile_05": 0.014309452446104532}, "V_2_S_0.5": {"Mean": 0.002431474262261873, "Mode": 0.003701928829799341, "Quantile": 0.004649173691312906, "Quantile_05": 0.0075180498372190915}, "V_0.5_S_16": {"Mean": 0.002572215034441555, "Mode": 0.00618324975959353, "Quantile": 0.004603541204210823, "Quantile_05": 0.007695311943641077}, "V_4_S_full": {"Mean": 0.006434716355326932, "Mode": 0.006511429282062248, "Quantile": 0.008595688092216617, "Quantile_05": 0.011460694043756818}, "V_8_S_1": {"Mean": 0.0054441837172177765, "Mode": 0.0041726511826082726, "Quantile": 0.007511694370353246, "Quantile_05": 0.010403219054044413}}