{"V_2_S_1": [0.07523059622302747], "V_8_S_16": [0.095644484696175], "V_0.5_S_0.5": [0.06477890316074353], "V_4_S_16": [0.09557243937471796], "V_2_S_16": [0.09428837602790416], "V_4_S_0.5": [0.0814999999999999], "V_8_S_0.5": [0.0653443633213014], "V_0.5_S_full": [0.13899999999999996], "V_0.5_S_16": [0.08699999999999991], "V_8_S_1": [0.0759999999999999], "V_4_S_full": [0.10978020525059301], "V_0.5_S_1": [0.06599999999999989], "V_4_S_1": [0.07421835896155404], "V_2_S_0.5": [0.06449999999999989], "V_2_S_full": [0.11349999999999993], "V_8_S_full": [0.13199999999999995], "V_10_S_0.5": [0.0724239251180551], "V_12_S_0.5": [0.06050000000000002], "V_14_S_16": [0.11285495879676746], "V_12_S_full": [0.11950000000000006], "V_16_S_16": [0.11820847775753333], "V_16_S_1": [0.06350000000000001], "V_10_S_full": [0.11049230386519612], "V_10_S_1": [0.06000000000000002], "V_10_S_16": [0.10650000000000005], "V_14_S_full": [0.12200000000000007], "V_14_S_1": [0.06250000000000001], "V_16_S_0.5": [0.05100000000000001], "V_16_S_full": [0.11872814704990671], "V_12_S_1": [0.07179002586278131], "V_14_S_0.5": [0.05200000000000001], "V_12_S_16": [0.09400000000000004]}