Size_Degree,VRR_Frequency,Luminance,Luminance_high,Luminance_low,C_t,C_t_high,C_t_low
0.5,0.5,1.0357901145641994,1.1632040978390112,0.8798914230081236,0.03274025042548047,0.03953078598675639,0.028611498920083953
1.0,0.5,0.6354512522562052,0.695132524909477,0.5494314639891451,0.05609081059847037,0.065598237931272,0.05088609240046686
16.0,0.5,0.568558392924862,0.8620458971887237,,0.0645123068122168,,0.04025891514729344
0.5,2.0,0.7932656969959975,0.8918474836890196,0.6705518816376307,0.04452672093505374,0.05392735716639326,0.0389211211076039
1.0,2.0,2.2809130158910884,2.5035276980059677,2.0372671482555287,0.013549601516219999,0.015393660950955138,0.01219468371930742
16.0,2.0,2.07101706426481,2.220276354106046,1.9189544851852327,0.014511169705027046,0.0158730221701216,0.013369224029963381
-1.0,2.0,2.6027906022650598,2.754134584359218,2.3918492674647718,0.009410483719580375,0.010498491900870318,0.00874599934829297
0.5,4.0,1.2156742337578743,1.3415013750052465,0.9425748889307958,0.0271777885943316,0.036515234846947894,0.02422484079261207
1.0,4.0,1.958642902002431,2.079509449952057,1.8083680713571477,0.01609249397803665,0.017607084275522274,0.015041195397136553
16.0,4.0,1.7934695229313067,1.900829100913489,1.679437389995807,0.01718544495986471,0.018562173097070565,0.016051068171558103
-1.0,4.0,2.821548988268611,2.9489233514299444,2.674680560341315,0.00847609413722375,0.009084139390880657,0.008004420529537638
0.5,8.0,1.5860437620530443,1.9992170772219895,1.440948928759536,0.019907201731936,0.022279224105609445,0.015156389864304957
1.0,8.0,1.6635486307133056,1.8280619608147637,1.5211580315555948,0.019340501953487396,0.021384542471528295,0.01739364058143804
16.0,8.0,2.9527164617155712,3.1590864165201094,2.706792251947985,0.009547709404135376,0.01058168336707146,0.00881407946825319
-1.0,8.0,4.112832734752644,,3.9688139895008425,0.005195815928337207,0.005442351247532106,
