{"V_0.5_S_0.5": [0.05699999999999983], "V_0.5_S_1": [0.08550000000000005], "V_0.5_S_16": [0.09999999999999988], "V_0.5_S_full": [0.11399999999999984], "V_1_S_0.5": [0.07399999999999984], "V_1_S_1": [0.10250000000000005], "V_1_S_16": [0.11799999999999988], "V_1_S_full": [0.12249999999999991], "V_2_S_0.5": [0.07249999999999984], "V_2_S_1": [0.10200000000000002], "V_2_S_16": [0.12599999999999983], "V_2_S_full": [0.14650000000000007], "V_4_S_0.5": [0.08299999999999977], "V_4_S_1": [0.12100000000000033], "V_4_S_16": [0.1369999999999999], "V_4_S_full": [0.13499999999999987], "V_8_S_0.5": [0.10449999999999982], "V_8_S_1": [0.10149999999999985], "V_8_S_16": [0.15649999999999983], "V_8_S_full": [0.1459999999999999]}