{"S_1_C_0.07144999999999999_MOA": [0.803, 0.2907, 0.3023], "S_16_C_0.08174999999999999_MOA": [1.215, 0.268, 0.2556], "S_full_C_0.0866_MOA": [1.266, 0.2745, 0.2844], "S_1_C_0.07284999999999998_MOA": [1.156, 0.2731, 0.2734], "S_16_C_0.08675000000000004_MOA": [1.385, 0.2932, 0.2666], "S_full_C_0.0875_MOA": [1.297, 0.2708, 0.2789], "S_1_C_0.07319999999999999_MOA": [0.935, 0.2562, 0.2879], "S_16_C_0.08314999999999995_MOA": [1.135, 0.2832, 0.2719], "S_full_C_0.0839_MOA": [1.152, 0.2667, 0.2991], "S_1_C_0.07819999999999991_MOA": [1.003, 0.2523, 0.2543], "S_16_C_0.08935_MOA": [1.644, 0.2796, 0.2852], "S_full_C_0.0888_MOA": [1.421, 0.2783, 0.3035], "S_1_C_0.08059999999999992_MOA": [1.24, 0.2945, 0.3267], "S_16_C_0.09484999999999999_MOA": [1.646, 0.2677, 0.2778], "S_full_C_0.09839999999999996_MOA": [2.286, 0.2868, 0.3019], "S_1_C_0.034899999999999966_MOA": [0.354, 0.3177, 0.2723], "S_16_C_0.08869999999999999_MOA": [1.525, 0.2696, 0.2797], "S_full_C_0.09875_MOA": [2.064, 0.2933, 0.3021], "S_1_C_0.07069237351090434_Quest_mean": [1.004, 0.314, 0.3094], "S_1_C_0.07144999999999999_Quest_mode": [0.719, 0.3058, 0.2987], "S_1_C_0.07465712631685571_Quest_quantile": [1.067, 0.2487, 0.2722], "S_1_C_0.07592387159694337_Quest__quantile_05": [0.981, 0.3078, 0.2804], "S_16_C_0.08040275830286801_Quest_mean": [1.072, 0.2849, 0.2897], "S_16_C_0.08174999999999999_Quest_mode": [1.445, 0.3156, 0.3104], "S_16_C_0.08398351655898875_Quest_quantile": [1.491, 0.3025, 0.315], "S_16_C_0.08563191107805129_Quest__quantile_05": [0.941, 0.2717, 0.2831], "S_full_C_0.08567258395905647_Quest_mean": [1.336, 0.2761, 0.273], "S_full_C_0.0866_Quest_mode": [1.24, 0.2574, 0.2798], "S_full_C_0.08872421241771296_Quest_quantile": [1.674, 0.283, 0.2882], "S_full_C_0.09077395846495369_Quest__quantile_05": [1.576, 0.2899, 0.3002], "S_1_C_0.07388488210639989_Quest_mean": [0.912, 0.2486, 0.287], "S_1_C_0.07284999999999998_Quest_mode": [0.926, 0.2926, 0.3277], "S_1_C_0.07662948093362415_Quest_quantile": [1.088, 0.2868, 0.3072], "S_1_C_0.07879255047914842_Quest__quantile_05": [1.328, 0.3173, 0.3344], "S_16_C_0.08702343482970534_Quest_mean": [1.288, 0.2783, 0.2559], "S_16_C_0.08675000000000004_Quest_mode": [1.418, 0.2983, 0.3009], "S_16_C_0.09073960864286836_Quest_quantile": [1.732, 0.2808, 0.3082], "S_16_C_0.09192973831139362_Quest__quantile_05": [1.453, 0.2701, 0.2709], "S_full_C_0.08911660135163257_Quest_mean": [1.32, 0.2636, 0.2727], "S_full_C_0.0875_Quest_mode": [1.276, 0.2667, 0.2738], "S_full_C_0.09208519523582942_Quest_quantile": [1.646, 0.2691, 0.3061], "S_full_C_0.09390432259651885_Quest__quantile_05": [1.424, 0.2838, 0.2655], "S_1_C_0.07442542672178161_Quest_mean": [0.995, 0.2746, 0.2879], "S_1_C_0.07319999999999999_Quest_mode": [1.171, 0.3261, 0.3388], "S_1_C_0.07761759115447782_Quest_quantile": [1.076, 0.2857, 0.2792], "S_1_C_0.0791949383236512_Quest__quantile_05": [0.975, 0.2957, 0.2707], "S_16_C_0.08507460177808622_Quest_mean": [1.548, 0.2804, 0.3311], "S_16_C_0.08314999999999995_Quest_mode": [1.205, 0.2933, 0.2814], "S_16_C_0.08820393714246076_Quest_quantile": [1.112, 0.2885, 0.2716], "S_16_C_0.08961873893409589_Quest__quantile_05": [1.516, 0.2692, 0.2975], "S_full_C_0.08495768657733434_Quest_mean": [1.284, 0.2841, 0.2843], "S_full_C_0.0839_Quest_mode": [1.214, 0.3109, 0.3094], "S_full_C_0.08841379901055381_Quest_quantile": [1.254, 0.2588, 0.2762], "S_full_C_0.08958719110742555_Quest__quantile_05": [1.615, 0.2788, 0.2903], "S_1_C_0.07933134683224032_Quest_mean": [1.114, 0.2711, 0.2677], "S_1_C_0.07819999999999991_Quest_mode": [0.918, 0.2692, 0.2921], "S_1_C_0.0825814803155584_Quest_quantile": [1.079, 0.235, 0.2585], "S_1_C_0.08409723531596862_Quest__quantile_05": [1.327, 0.271, 0.2834], "S_16_C_0.09399022738712295_Quest_mean": [1.665, 0.2682, 0.2842], "S_16_C_0.08935_Quest_mode": [1.751, 0.2984, 0.289], "S_16_C_0.09631837284093805_Quest_quantile": [2.2, 0.2714, 0.3003], "S_16_C_0.09894585304702261_Quest__quantile_05": [2.001, 0.2646, 0.2954], "S_full_C_0.09139081547481598_Quest_mean": [1.318, 0.2681, 0.2693], "S_full_C_0.0888_Quest_mode": [1.349, 0.2618, 0.2981], "S_full_C_0.09429569250411131_Quest_quantile": [1.643, 0.2751, 0.2836], "S_full_C_0.09605626203884507_Quest__quantile_05": [1.561, 0.2815, 0.2689], "S_1_C_0.08280574359237626_Quest_mean": [1.127, 0.2891, 0.2848], "S_1_C_0.08059999999999992_Quest_mode": [1.12, 0.269, 0.277], "S_1_C_0.08582080937772577_Quest_quantile": [1.186, 0.292, 0.318], "S_1_C_0.08743180932804519_Quest__quantile_05": [1.299, 0.2881, 0.3119], "S_16_C_0.10052766115025177_Quest_mean": [2.216, 0.2972, 0.2954], "S_16_C_0.10484999999999998_Quest_mode": [2.36, 0.277, 0.3033], "S_16_C_0.10301264983690506_Quest_quantile": [2.027, 0.2683, 0.2945], "S_16_C_0.10562974003710658_Quest__quantile_05": [2.295, 0.2688, 0.2802], "S_full_C_0.09909146484942474_Quest_mean": [1.849, 0.2649, 0.286], "S_full_C_0.09839999999999996_Quest_mode": [1.875, 0.2844, 0.2971], "S_full_C_0.10275986463968068_Quest_quantile": [1.924, 0.2671, 0.2814], "S_full_C_0.10380031173567138_Quest__quantile_05": [2.137, 0.284, 0.3127], "S_1_C_0.033953144278560644_Quest_mean": [0.242, 0.3396, 0.413], "S_1_C_0.034899999999999966_Quest_mode": [0.17, 0.1639, 0.1592], "S_1_C_0.03698348754561367_Quest_quantile": [0.296, 0.2866, 0.2711], "S_1_C_0.039054451399188894_Quest__quantile_05": [0.535, 0.2998, 0.396], "S_16_C_0.09406496667576363_Quest_mean": [1.812, 0.2972, 0.311], "S_16_C_0.09869999999999998_Quest_mode": [1.884, 0.2742, 0.2893], "S_16_C_0.09657477958835779_Quest_quantile": [2.046, 0.2841, 0.2818], "S_16_C_0.09913181589327365_Quest__quantile_05": [2.209, 0.2771, 0.3124], "S_full_C_0.10378347111484323_Quest_mean": [1.981, 0.2964, 0.2859], "S_full_C_0.10875_Quest_mode": [2.554, 0.2694, 0.2861], "S_full_C_0.10632508389696571_Quest_quantile": [2.292, 0.2979, 0.3128], "S_full_C_0.10879499022534604_Quest__quantile_05": [2.812, 0.285, 0.3006]}