{"V_4_S_16": {"Mean": 0.09399022738712295, "Mode": 0.08935, "Quantile": 0.09631837284093805, "Quantile_05": 0.09894585304702261}, "V_8_S_full": {"Mean": 0.09909146484942474, "Mode": 0.09839999999999996, "Quantile": 0.10275986463968068, "Quantile_05": 0.10380031173567138}, "V_0.5_S_1": {"Mean": 0.07069237351090434, "Mode": 0.07144999999999999, "Quantile": 0.07465712631685571, "Quantile_05": 0.07592387159694337}, "V_4_S_1": {"Mean": 0.07933134683224032, "Mode": 0.07819999999999991, "Quantile": 0.0825814803155584, "Quantile_05": 0.08409723531596862}, "V_1_S_full": {"Mean": 0.08911660135163257, "Mode": 0.0875, "Quantile": 0.09208519523582942, "Quantile_05": 0.09390432259651885}, "V_8_S_1": {"Mean": 0.08280574359237626, "Mode": 0.08059999999999992, "Quantile": 0.08582080937772577, "Quantile_05": 0.08743180932804519}, "V_2_S_1": {"Mean": 0.07442542672178161, "Mode": 0.07319999999999999, "Quantile": 0.07761759115447782, "Quantile_05": 0.0791949383236512}, "V_0.5_S_16": {"Mean": 0.08040275830286801, "Mode": 0.08174999999999999, "Quantile": 0.08398351655898875, "Quantile_05": 0.08563191107805129}, "V_16_S_full": {"Mean": 0.10378347111484323, "Mode": 0.10875, "Quantile": 0.10632508389696571, "Quantile_05": 0.10879499022534604}, "V_1_S_16": {"Mean": 0.08702343482970534, "Mode": 0.08675000000000004, "Quantile": 0.09073960864286836, "Quantile_05": 0.09192973831139362}, "V_4_S_full": {"Mean": 0.09139081547481598, "Mode": 0.0888, "Quantile": 0.09429569250411131, "Quantile_05": 0.09605626203884507}, "V_16_S_1": {"Mean": 0.033953144278560644, "Mode": 0.034899999999999966, "Quantile": 0.03698348754561367, "Quantile_05": 0.039054451399188894}, "V_2_S_full": {"Mean": 0.08495768657733434, "Mode": 0.0839, "Quantile": 0.08841379901055381, "Quantile_05": 0.08958719110742555}, "V_8_S_16": {"Mean": 0.10052766115025177, "Mode": 0.10484999999999998, "Quantile": 0.10301264983690506, "Quantile_05": 0.10562974003710658}, "V_1_S_1": {"Mean": 0.07388488210639989, "Mode": 0.07284999999999998, "Quantile": 0.07662948093362415, "Quantile_05": 0.07879255047914842}, "V_0.5_S_full": {"Mean": 0.08567258395905647, "Mode": 0.0866, "Quantile": 0.08872421241771296, "Quantile_05": 0.09077395846495369}, "V_16_S_16": {"Mean": 0.09406496667576363, "Mode": 0.09869999999999998, "Quantile": 0.09657477958835779, "Quantile_05": 0.09913181589327365}, "V_2_S_16": {"Mean": 0.08507460177808622, "Mode": 0.08314999999999995, "Quantile": 0.08820393714246076, "Quantile_05": 0.08961873893409589}}