{"V_0.5_S_full": [0.10216863359527002], "V_0.5_S_16": [0.09050000000000007], "V_4_S_1": [0.08299330593370555], "V_4_S_0.5": [0.07044691342420427], "V_2_S_full": [0.12918532978430192], "V_8_S_16": [0.12109003536739424], "V_0.5_S_0.5": [0.05210771551864232], "V_0.5_S_1": [0.06422867632280621], "V_2_S_16": [0.07246629260738445], "V_8_S_1": [0.10063735212261705], "V_4_S_full": [0.11454080965510656], "V_8_S_full": [0.10509740640138125], "V_4_S_16": [0.06906683273324088], "V_2_S_1": [0.0710020902023567], "V_2_S_0.5": [0.06856107276109763], "V_8_S_0.5": [0.09035951772092994]}