{"V_14_S_full": [0.1116318364077093], "V_10_S_1": [0.09552013214583908], "V_14_S_0.5": [0.0437195263385116], "V_12_S_full": [0.12852018847033905], "V_14_S_1": [0.04646840871733894], "V_14_S_16": [0.10470296469892104], "V_10_S_full": [0.11063685258390062], "V_10_S_16": [0.10750000000000008], "V_16_S_16": [0.10904559338049856], "V_12_S_0.5": [0.05295308700078559], "V_16_S_full": [0.11427200413293333], "V_10_S_0.5": [0.041870675341974146], "V_12_S_1": [0.04649048690926695], "V_16_S_1": [0.04312898562058406], "V_16_S_0.5": [0.042234844325337094], "V_12_S_16": [0.09796446489147949]}