Block_ID,VRR_Frequency,Observer_color_value,Size_Degree,Gabor_Frequency,Repeat_ID
0,8,0.13500000000000006,16,0.5,0
1,8,0.061066068308009924,16,4.0,0
2,8,0.06009580124193997,16,8.0,0
3,8,0.1015,16,1.0,0
4,8,0.06663028589659693,16,2.0,0
