{"V_8_S_16_G_0.5": [0.13500000000000006], "V_8_S_16_G_1": [0.1015], "V_8_S_16_G_2": [0.06663028589659693], "V_8_S_16_G_4": [0.061066068308009924], "V_8_S_16_G_8": [0.06009580124193997]}